"","title","singer","pc","hc"
"1","#첫사랑","볼빨간사춘기",2,1
"2","#화이트 스타일 (Feat. 김호연 Of 달 좋은밤)","키썸 (Kisum)",5,2
"3","..IS YOU","XIA (준수)",5,2
"4","? (물음표) (Feat. 최자 Of 다이나믹듀오, Zion.T)","프라이머리",2,3
"5","￦ & ONLY (WON & ONLY) (Feat. 박재범)","사이먼 도미닉",4,2
"6","00:00 (Zero O’Clock)","방탄소년단",1,1
"7","1 of 1","SHINee (샤이니)",4,2
"8","1,2,3,4 (원,투,쓰리,포)","이하이",2,1
"9","1004 (Angel)","B.A.P",5,2
"10","10월의 날씨","10CM",4,2
"11","11 (Prod. 다이나믹듀오)","Wanna One (워너원) - 남바완",4,2
"12","11:11","태연 (TAEYEON)",2,1
"13","12시 30분","비스트",2,1
"14","1440","허각",1,1
"15","180도","벤",2,3
"16","1cm의 자존심","마마무 (Mamamoo)",1,1
"17","1llusion","Dok2",1,2
"18","1년 365일 (Feat. 거미)","바이브",5,2
"19","1도 없어","Apink (에이핑크)",2,1
"20","1분 1초","지연",5,2
"21","2 Years Apart","에디킴",4,2
"22","200%","AKMU (악동뮤지션)",2,1
"23","2013 원하고 원망하죠","애즈원",5,2
"24","21세기 소녀","방탄소년단",4,2
"25","24/7","2YOON (포미닛 투윤)",5,2
"26","24시간이 모자라","선미",1,2
"27","25","볼빨간사춘기",4,2
"28","2HOT","지나",1,1
"29","30 Sexy","비",4,2
"30","4 Walls","f(x)",1,2
"31","5월의 밤","Zion.T",5,2
"32","7월 7일 (One Of These Nights)","Red Velvet (레드벨벳)",5,2
"33","A","GOT7 (갓세븐)",4,2
"34","A-TEEN","세븐틴",1,2
"35","a Good Boy","백아연",1,2
"36","A Real Lady (Feat. Beenzino, Gray & Zion.T)","스윙스",5,2
"37","A Supplementary Story : You Never Walk Alone","방탄소년단",4,2
"38","Adios (Prod. BOYCOLD)","김하온 (HAON)",5,2
"39","Ah-Choo","러블리즈",3,3
"40","AH YEAH (아예)","WINNER",1,1
"41","AIR","WINNER",4,2
"42","AIRPLANE","iKON",5,2
"43","All About","멜로디데이 (MelodyDay)",5,2
"44","All I Wanna Do (K) (Feat. Hoody, Loco)","박재범",3,3
"45","All Mine","f(x)",4,2
"46","all of my life","박원",3,3
"47","All Right","Lim Kim",2,1
"48","ALWAYS","윤미래",2,1
"49","Always be there","브라운 아이드 소울",1,2
"50","Am I Wrong","방탄소년단",4,1
"51","Amanda (Feat. Simon Dominic) (Prod. By UNTITLEDS)","염따",4,2
"52","And July (Feat. DEAN, DJ Friz)","헤이즈 (Heize)",5,3
"53","And...그리고","백지영",4,2
"54","Angel","타이거JK, 윤미래, 비지 (Bizzy)",2,1
"55","ANTI (Feat. G.Soul)","지코 (ZICO)",5,2
"56","ANYMORE","서인영",5,2
"57","Apple (Feat. 박재범)","가인",2,1
"58","Artist","지코 (ZICO)",2,1
"59","Awake","방탄소년단",4,2
"60","AWESOME (Feat. 박재범 & GRAY)","로꼬",5,2
"61","BAAAM (Feat. Muzie Of UV)","다이나믹 듀오",2,1
"62","BAAM","모모랜드 (MOMOLAND)",1,1
"63","Babay (Feat. Gaeko)","Zion.T",1,1
"64","Baby","존박",5,2
"65","BABY BABY","WINNER",1,2
"66","Baby I Miss You","2NE1",4,2
"67","Back","인피니트",5,2
"68","Bad","인피니트",5,2
"69","Bad Boy","Red Velvet (레드벨벳)",2,1
"70","Bad Girls","이효리",2,2
"71","BAE BAE","BIGBANG",2,1
"72","BE I","B.I",1,1
"73","Be OK (Feat. 배치기)","유성은",2,1
"74","Beautiful","Crush",2,3
"75","Beautiful","Wanna One (워너원)",2,3
"76","Beautiful Tomorrow","박효신",4,2
"77","Because I Love You","바이브",5,2
"78","Because of You","윤미래",4,2
"79","Because Of You","백지영",1,2
"80","Beep","박지윤",5,2
"81","Begin","방탄소년단",4,2
"82","BERMUDA TRIANGLE (Feat. Crush, DEAN)","지코 (ZICO)",1,1
"83","BIRTHDAY","전소미",5,2
"84","Black (Feat. 스윙스)","40",4,2
"85","Black Out","아이유",4,2
"86","Black Paradise","비스트",4,2
"87","Black Swan","방탄소년단",1,3
"88","blu (Feat. Babylon)","아이언",4,2
"89","Blue","볼빨간사춘기",2,1
"90","Blue","태연 (TAEYEON)",4,2
"91","Blueming","아이유",2,3
"92","BOMB (Feat. B.I, BOBBY)","싸이 (PSY)",4,2
"93","Boogie On & On","빈지노 (Beenzino)",4,1
"94","BOOMERANG (부메랑)","Wanna One (워너원)",1,1
"95","Bounce","JJ Project",4,2
"96","Bounce","조용필",1,1
"97","Boys And Girls (Feat. Babylon)","지코 (ZICO)",2,3
"98","Break","빈지노 (Beenzino)",5,1
"99","BUBIBU (Remix Ver.)","Apink (에이핑크)",4,2
"100","BURNING","팬텀",4,2
"101","Butterfly","방탄소년단",4,2
"102","Butterfly","비스트",5,2
"103","Bye Bye Love","2BIC(투빅)",5,2
"104","Call My Name","소울스타 (SOULSTAR)",4,2
"105","CALLING YOU","하이라이트 (Highlight)",1,2
"106","Carry On","알리 (ALi)",4,2
"107","Catch Me","동방신기 (TVXQ!)",5,2
"108","Cereal (Feat. ZICO)","Crush",5,2
"109","Cha Cha","레인보우 블랙",5,2
"110","CHEER UP","TWICE (트와이스)",2,3
"111","Cherish","EXO-CBX (첸백시)",4,2
"112","Come Back Home","2NE1",2,1
"113","Complex (feat. G-DRAGON)","Zion.T",2,2
"114","Cosmic Girl","김태우",1,2
"115","Crescendo (크레셴도)","AKMU (악동뮤지션)",2,1
"116","Crush","2NE1",1,2
"117","Crush","아이오아이 (I.O.I)",5,2
"118","Crying","씨스타",5,1
"119","DADDY (Feat. CL of 2NE1)","싸이 (PSY)",2,1
"120","Dali, Van, Picasso","빈지노 (Beenzino)",1,1
"121","Dance The Night Away","TWICE (트와이스)",2,3
"122","DARLING","태양",5,2
"123","DAY BY DAY","티아라",2,1
"124","Day Day (Feat. 박재범) (Prod. by GRAY)","BewhY (비와이)",2,3
"125","Decalcomanie (데칼코마니)","마마무 (Mamamoo)",2,3
"126","Dejavu","뉴이스트 W",4,2
"127","Delicious","투하트 (우현, 키)",5,2
"128","Destiny","인피니트",1,2
"129","Destiny (나의 지구)","러블리즈",4,2
"130","Devil","SUPER JUNIOR (슈퍼주니어)",4,2
"131","Different","WINNER",4,2
"132","DINOSAUR","AKMU (악동뮤지션)",5,1
"133","Dionysus","방탄소년단",5,1
"134","DIRTY","미료",5,2
"135","DO YOU LOVE ME","2NE1",1,2
"136","Done For Me","펀치 (Punch)",2,1
"137","DOOM DADA","T.O.P",1,1
"138","Downtown Baby","블루 (BLOO)",2,3
"139","Dream (Feat. XIA of JYJ)","싸이 (PSY)",1,2
"140","Dumb Dumb","Red Velvet (레드벨벳)",2,1
"141","E.R  (Feat. The Channels)","MC몽",5,2
"142","EASY (Feat. 식케이)","휘인 (Whee In)",4,2
"143","Error","VIXX (빅스)",4,2
"144","EVERYDAY","WINNER",2,1
"145","FAKE LOVE (Rocking Vibe Mix)","방탄소년단",4,2
"146","Fall","EXO",4,2
"147","Falling","박진영",5,2
"148","Falling","존박",2,1
"149","Falling For You","EXO",4,2
"150","Falling In Love","2NE1",2,2
"151","FANCY","TWICE (트와이스)",2,1
"152","FANXY CHILD (Feat. FANXY CHILD)","지코 (ZICO)",5,1
"153","Feel So Good (Feat. 홍대광)","임정희",5,2
"154","Feel Special","TWICE (트와이스)",1,1
"155","FEVER (Feat. 수퍼비, BIBI)","박진영",4,2
"156","FIESTA","IZ*ONE (아이즈원)",1,3
"157","Filter","방탄소년단",5,1
"158","Fine","태연 (TAEYEON)",2,1
"159","Fine Thank You And You?","10CM",1,2
"160","Fingertips","Pinkrush",5,2
"161","First Love","방탄소년단",4,2
"162","FIRST LOVE","EXO",4,2
"163","FIVE","Apink (에이핑크)",2,1
"164","FLASH","X1 (엑스원)",4,2
"165","Flashback","애프터스쿨",5,1
"166","Flower","용준형",4,2
"167","Flower","윤미래",3,1
"168","FLOWER SHOWER","현아",4,2
"169","Fly","긱스 (Geeks)",2,2
"170","Fly (Feat. Fabolous)","Jessica (제시카)",5,2
"171","FOOL","WINNER",5,2
"172","For Life","EXO",1,2
"173","Forever","EXO",4,2
"174","Forever (Prod. By GRAY)","BewhY (비와이)",2,1
"175","Forever Young","BLACKPINK",2,1
"176","FREEDOM","AKMU (악동뮤지션)",5,2
"177","Friend","비투비",5,2
"178","Galaxy","AKMU (악동뮤지션)",5,2
"179","GENTLEMAN","싸이 (PSY)",2,1
"180","Get (Feat. Beenzino)","어반자카파",5,2
"181","Girl Crush","마마무 (Mamamoo)",5,2
"182","Girl x Friend","EXO",4,2
"183","Girlfriend","원더걸스",5,2
"184","GIRLFRIEND","BIGBANG",1,1
"185","Give It To Me","씨스타",2,1
"186","Give Love","AKMU (악동뮤지션)",2,1
"187","Gloomy Star (Feat. 1ho, Chan)","공기남",4,2
"188","GO HIGH (Feat. 우원재, 창모 (CHANGMO), The Quiett) (Prod. CODE KUNST)","이영지",4,2
"189","Going Home","디셈버",4,2
"190","GOLD","Wanna One (워너원)",4,2
"191","Good-night Kiss","전효성",1,1
"192","GOOD BOY","GD X TAEYANG",1,1
"193","Good Boy (Feat. 용준형 Of 비스트)","백지영",2,1
"194","Good For You","에릭남 (Eric Nam)",4,2
"195","Good Luck","AOA",2,1
"196","Good Luck","비스트",2,1
"197","Good Morning Baby","Apink (에이핑크)",1,2
"198","Good Night","EXO",4,2
"199","Goodbye","박효신",2,1
"200","Goodbye","웬디 (WENDY)",4,2
"201","Goodbye sun, Goodbye moon (With 이수현 of 악동뮤지션)","토이",5,2
"202","Goodbye To Romance","써니힐",1,1
"203","Happy","2NE1",5,2
"204","HAPPY TOGETHER","박효신",2,1
"205","Hate You (Feat. 우원재) (Prod. 코드 쿤스트)","pH-1",5,2
"206","Healing","유성은",4,2
"207","Heart Shaker","TWICE (트와이스)",1,3
"208","Hello","Adele",2,1
"209","Hello (Feat. 버벌진트)","조용필",2,2
"210","Hello Bitches","CL",4,2
"211","Hello Bubble","걸스데이",5,2
"212","Hello To Myself","핫펠트 (HA:TFELT)",5,2
"213","HER","블락비 (Block B)",1,1
"214","HERE (Feat. 빈첸 (VINXEN)) (Prod. CODE KUNST)","김민규 (Young Kay)",4,2
"215","Heu ! (Full Ver.)","수퍼비",4,2
"216","Hey Mama!","EXO-CBX (첸백시)",5,2
"217","Hey You","CNBLUE (씨엔블루)",5,2
"218","High High","김태우",5,1
"219","HIP","마마무 (Mamamoo)",1,3
"220","Hit U","달샤벳",5,2
"221","HOLIDAY (Feat. DPR LIVE)","수지 (SUZY)",4,2
"222","Home","로이킴",1,2
"223","Home","박효신",5,2
"224","HOME","방탄소년단",3,2
"225","Hooka","혁오 (HYUKOH)",3,2
"226","HOT PINK","EXID",2,1
"227","How Can I Love You","XIA (준수)",2,1
"228","How Do I Look ?","빈지노 (Beenzino)",5,2
"229","Hug Me (Feat. Gaeko)","Crush",5,2
"230","Hush","미쓰에이",1,1
"231","HUSH","Apink (에이핑크)",1,2
"232","I (Feat. 버벌진트)","태연 (TAEYEON)",2,1
"233","I Dance (Feat. 유빈 Of 원더걸스)","아이비",5,2
"234","I Do I Do","시크릿",4,2
"235","I Dream","15& (박지민, 백예린)",5,2
"236","I Feel You","원더걸스",2,1
"237","I Feel You","홍대광",4,2
"238","I Just Wanna Dance","티파니 (TIFFANY)",4,2
"239","I Like 2 Party","박재범",5,2
"240","I Like That","씨스타",2,1
"241","I Love You","2NE1",2,1
"242","I Love You","AKMU (악동뮤지션)",2,1
"243","I Love You Boy","수지 (SUZY)",4,2
"244","I LUV IT","싸이 (PSY)",2,1
"245","I Miss You","마마무 (Mamamoo)",2,1
"246","I Miss You","소유 (SOYOU)",1,1
"247","I NEED U","방탄소년단",5,1
"248","I Remember You (Feat. Zion.T)","싸이 (PSY)",1,2
"249","Ice Cream (Feat. Maboos)","현아",1,1
"250","IF YOU","BIGBANG",2,1
"251","If You Love Me (Feat. 박재범)","NS 윤지",5,1
"252","Incredible (Feat. Quincy)","XIA (준수)",5,2
"253","Inner Child","방탄소년단",4,1
"254","instagram","DEAN",2,1
"255","Interlude : Shadow","방탄소년단",4,1
"256","Intro : Persona","방탄소년단",4,2
"257","Is You (Feat. 박정현)","긱스 (Geeks)",5,2
"258","JACKPOT","블락비 (Block B)",1,1
"259","Jamais Vu","방탄소년단",5,2
"260","Jenga (Feat. Gaeko)","헤이즈 (Heize)",1,1
"261","Kill Bill","브라운아이드걸스",2,2
"262","Kill This Love","BLACKPINK",2,1
"263","KNOCK KNOCK","TWICE (트와이스)",2,1
"264","Know Your Name (Feat. Dok2)","박재범",5,2
"265","Ko Ko Bop","EXO",1,1
"266","L.I.E","EXID",1,1
"267","La Song","비",2,1
"268","LAST DANCE","BIGBANG",2,1
"269","Last Romeo","인피니트",5,2
"270","LATATA","(여자)아이들",3,1
"271","Lead Me","씨스타",4,2
"272","Lie","방탄소년단",4,2
"273","Lights Out","EXO",4,2
"274","LIGHTSABER","EXO",4,2
"275","Like Money (Feat. Akon)","원더걸스",5,2
"276","Like this","원더걸스",2,1
"277","Like You (Feat. 아이유)","원티드",5,2
"278","LIKEY","TWICE (트와이스)",2,3
"279","LION","(여자)아이들",5,1
"280","Lip & Hip","현아",4,2
"281","Lonely","볼빨간사춘기",4,2
"282","Lonely","효린",1,2
"283","LONELY","씨스타",2,1
"284","Lonely (없구나)","B1A4",1,1
"285","Lonely Night","권진아",4,2
"286","LONG TIME NO SEE","iKON",4,2
"287","LOSER","BIGBANG",2,1
"288","Lost","방탄소년단",4,1
"289","Lotto","EXO",1,1
"290","Louder than bombs","방탄소년단",4,1
"291","LOVE","마마무 (Mamamoo)",4,2
"292","LOVE (Feat. 태양)","싸이 (PSY)",5,2
"293","Love (키샤콜)","이하이",4,2
"294","Love Again (Feat. 에일리)","2BIC(투빅)",5,1
"295","Love Fiction","울랄라세션",4,2
"296","Love Lane","마마무 (Mamamoo)",4,2
"297","Love Love Love","로이킴",2,2
"298","LOVE ME LOVE ME","WINNER",5,2
"299","LOVE ME RIGHT","EXO",1,1
"300","Love poem","아이유",2,3
"301","Love Shot","EXO",1,3
"302","Love Sick","SHINee (샤이니)",4,2
"303","Love Song (Feat. 박혜수)","육성재 (비투비)",5,2
"304","Love Story","린",4,2
"305","Love U","청하",1,1
"306","Lovey-Dovey","티아라",2,1
"307","LUV","Apink (에이핑크)",2,1
"308","Luv is (Feat. 배치기)","임정희",5,2
"309","Ma Boy 3 (Feat. 나나 Of 오렌지캬라멜)","일렉트로보이즈",1,2
"310","Make it count","첸 (CHEN)",4,2
"311","Make It Right","방탄소년단",5,1
"312","Make Me Love You","태연 (TAEYEON)",1,2
"313","Man In Love (남자가 사랑할때)","인피니트",5,2
"314","Maybe (Feat. 호란)","프리스타일",5,2
"315","Me You (Feat. 백예린 Of 15&)","San E",2,1
"316","Mermaid","볼빨간사춘기",5,2
"317","Merry & Happy","TWICE (트와이스)",4,2
"318","METEOR","창모 (CHANGMO)",2,3
"319","MIC Drop (Steve Aoki Remix) (Feat. Desiigner)","방탄소년단",4,2
"320","Midnight (별 헤는 밤)","비스트",2,1
"321","MILLIONS","WINNER",2,1
"322","Missing You","나얼",5,2
"323","Missing You (Feat. 김윤아 Of 자우림)","G-DRAGON",1,1
"324","Modern Times","아이유",5,2
"325","Moment","이창민",5,1
"326","Monday Blues","EXO-CBX (첸백시)",4,2
"327","Moon","방탄소년단",4,1
"328","MOYA (모야)","AOA",4,2
"329","Mr. Chu (On Stage)","Apink (에이핑크)",2,1
"330","Mr.애매모호","마마무 (Mamamoo)",5,2
"331","My Destiny","린",2,1
"332","My Last (Feat. 로꼬 & GRAY)","박재범",4,2
"333","My Life (Feat. 효린 Of 씨스타)","상주나 (정준하, 윤상)",5,2
"334","My Lifestyle (Feat. Dok2)","Jessica (제시카)",5,2
"335","My Love","에디킴",5,2
"336","My Love","이승철",2,1
"337","My Love (Feat. 성유진)","MC몽",5,2
"338","My Son","유승우",1,2
"339","MY STAR","이하이",5,2
"340","My Way","이수 (엠씨더맥스)",3,3
"341","Nerdy Love (Feat. 백예린)","pH-1",4,2
"342","NEVER","국민의 아들",1,1
"343","New Face","싸이 (PSY)",2,1
"344","NEW YORK","마마무 (Mamamoo)",1,2
"345","New York (Feat. 백지영)","MC몽",1,2
"346","Nice Body (With 로꼬)","효민",5,2
"347","Night And Day","휘성 (Realslow)",1,2
"348","No Make Up","Zion.T",2,1
"349","NO MERCY","B.A.P",4,2
"350","NOAH (Feat. 박재범, Hoody)","김하온 (HAON)",4,2
"351","NoNoNo","Apink (에이핑크)",1,1
"352","Not Today","방탄소년단",5,2
"353","Nothing Without You (Intro.)","Wanna One (워너원)",5,2
"354","Number 1","투개월",5,2
"355","Oasis (Feat. ZICO)","Crush",1,1
"356","Obsession","EXO",5,1
"357","Ocean Of Light","넬 (NELL)",5,2
"358","Officially Missing You","AKMU (악동뮤지션)",5,2
"359","Oh Little Girl","슬레이트",5,2
"360","Oh my god","(여자)아이들",5,2
"361","Oh! My God","걸스데이",5,2
"362","Ohio","혁오 (HYUKOH)",4,2
"363","ON","방탄소년단",2,3
"364","One Of A Kind","G-DRAGON",5,2
"365","ONE SHOT","B.A.P",5,2
"366","Only One","보아 (BoA)",2,1
"367","Only U","10CM",5,2
"368","OOH-AHH하게","TWICE (트와이스)",3,3
"369","Oops! (Feat. 정일훈 Of BTOB)","지나",5,2
"370","Outro : Ego","방탄소년단",4,1
"371","Outro : Wings","방탄소년단",4,2
"372","Outside (Feat. Beenzino)","Crush",5,2
"373","Pandora","카라",2,2
"374","PARACHUTE (Feat. 오혁 & Dok2)","코드 쿤스트 (CODE KUNST)",4,2
"375","Paradise Lost","가인",1,2
"376","Pass Me By","브라운 아이드 소울",5,2
"377","Perfect","10CM",4,2
"378","Piano Man","마마무 (Mamamoo)",4,1
"379","PICK ME","PRODUCE 101",3,1
"380","Playdate","EXO-CBX (첸백시)",4,2
"381","POISON","시크릿",1,1
"382","Power","B.A.P",4,2
"383","Power","EXO",5,3
"384","Power Up","Red Velvet (레드벨벳)",2,1
"385","Press Your Number","태민 (TAEMIN)",4,2
"386","Psycho","Red Velvet (레드벨벳)",2,3
"387","Rain","Lim Kim",4,2
"388","Rain","태연 (TAEYEON)",2,1
"389","RBB (Really Bad Boy)","Red Velvet (레드벨벳)",5,2
"390","RE-BYE","AKMU (악동뮤지션)",2,1
"391","REALLY REALLY","WINNER",1,3
"392","Red Queen (Feat. Zion.T)","아이유",5,2
"393","Red Sun (Feat. ZICO, Swings)","행주",1,1
"394","Remember","Apink (에이핑크)",1,1
"395","Reset (Feat. 진실 Of Mad Soul Child)","타이거JK",5,2
"396","Reset (With 이적)","토이",5,2
"397","Respect","방탄소년단",4,1
"398","RESPECT (Feat. GRAY & DJ Pumkin)","로꼬",4,2
"399","RICH (Feat. 태양)","에픽하이 (EPIK HIGH)",5,2
"400","Ring My Bell","수지 (SUZY)",5,2
"401","River","어반자카파",5,2
"402","Roller Coaster","청하",2,3
"403","Rookie","Red Velvet (레드벨벳)",2,1
"404","Rose","이하이",1,1
"405","Round and round (Feat. 한수지)","헤이즈 (Heize)",5,2
"406","RUN","방탄소년단",1,1
"407","SADNESS","레드애플",4,2
"408","Save (Feat. 팔로알토)(Prod. 코드 쿤스트)","루피 (Loopy)",1,2
"409","Save ME","방탄소년단",4,2
"410","Say","윤미래",4,2
"411","Say Goodbye","송하예",4,2
"412","Scream","2NE1",5,2
"413","Seattle Alone","볼빨간사춘기",4,2
"414","Senorita","(여자)아이들",5,2
"415","Sexy Lady","장우영",5,2
"416","SEXY LOVE","티아라",1,1
"417","Sexy, Free & Single","SUPER JUNIOR (슈퍼주니어)",5,2
"418","Shadow (그림자)","비스트",1,1
"419","SHAKE IT","씨스타",2,1
"420","Shall We Dance","블락비 (Block B)",4,2
"421","She (Feat. Beenzino)","Zion.T",4,2
"422","She (Hidden Track No.V 1월 선정곡)","잔나비",4,2
"423","Shine Your Light","박효신",1,2
"424","Shut Up & Groove (Feat. DEAN)","헤이즈 (Heize)",4,2
"425","Shut Up (Feat. 유희열)","언니쓰",2,1
"426","SIGNAL","TWICE (트와이스)",2,1
"427","Sing For You","EXO",2,1
"428","Snapping","청하",2,1
"429","So Wonderful","레이디스 코드",5,1
"430","SOFA","Crush",4,2
"431","SOLO","C-CLOWN",4,2
"432","SOLO","제니 (JENNIE)",2,1
"433","Solo (Feat. Hoody)","박재범",4,2
"434","Solo (Remix) (Prod. by 박재범, Cha Cha Malone) (Feat. 박재범, 로꼬)","예지",5,2
"435","SOLO DAY","B1A4",5,2
"436","Somebody","15& (박지민, 백예린)",2,2
"437","Someday (피쳐링. 윤도현 Of YB)","리쌍",5,2
"438","Something","걸스데이",2,1
"439","SoulMate (Feat. 아이유)","지코 (ZICO)",2,1
"440","Special (Feat. 제니 of BLACKPINK)","이하이",5,2
"441","Special Girl (Feat. Bumkey)","인피니트H",1,1
"442","Stand Up (Feat. 마마무)","베이식 (Basick)",4,2
"443","Starlight (Feat. DEAN)","태연 (TAEYEON)",5,2
"444","Stay","EXO",4,2
"445","STAY","BLACKPINK",4,2
"446","Stay With Me (Feat. G-Dragon Of Bigbang)","태양",5,2
"447","Stigma","방탄소년단",4,2
"448","STYLE","라니아",4,2
"449","Summer Time (자리비움)","다이나믹 듀오",2,2
"450","Sunflower","윤하 (YOUNHA)",4,2
"451","SUNSHINE","레인보우",5,2
"452","SUPER STAR","G-DRAGON",5,2
"453","Sweet Girl","B1A4",4,2
"454","Sweet Lies","EXO",4,2
"455","TALK THAT","시크릿",1,1
"456","Tell Me","인피니트",5,2
"457","Tell Me Tell Me","레인보우",5,1
"458","TENDER LOVE","EXO",5,2
"459","Thank You","포맨",5,2
"460","The DJ Is Mine","원더걸스",5,2
"461","The Feeling","비투비",4,2
"462","The One","EXO-CBX (첸백시)",4,2
"463","The Romantic","투개월",4,2
"464","The Time Goes On","BewhY (비와이)",3,1
"465","This Christmas","태연 (TAEYEON)",1,2
"466","This Love","신화",5,2
"467","Thursday","EXO-CBX (첸백시)",4,2
"468","To Be One (Outro.)","Wanna One (워너원)",4,2
"469","To Be With You","김연우",4,2
"470","To You","틴탑",5,1
"471","To.Mom (Feat. 인순이)","키썸 (Kisum)",5,2
"472","Today (Feat. 김종완 Of Nell)","G-DRAGON",4,2
"473","TOMBOY","혁오 (HYUKOH)",2,1
"474","Tonight","스피카",5,2
"475","Touch","미쓰에이",2,1
"476","Touch Love","윤미래",1,1
"477","Touch My Body","씨스타",2,1
"478","Toy","블락비 (Block B)",2,1
"479","Trouble","EXO",4,2
"480","TT","TWICE (트와이스)",2,3
"481","Twilight","Wanna One (워너원)",5,2
"482","U","엠씨더맥스 (M.C the MAX)",4,2
"483","U & I (With Crush & 빈지노)","토이",1,1
"484","U (Feat. 권진아, 랩몬스터)","프라이머리",4,2
"485","U GOT IT","갓츄 (GOT U)",5,2
"486","U GOT IT (X1 Ver.)","X1 (엑스원)",4,2
"487","U R","태연 (TAEYEON)",2,2
"488","Uh-Oh","(여자)아이들",4,2
"489","UN Village","백현 (BAEKHYUN)",5,2
"490","Unfinished","디셈버",5,2
"491","Universe","EXO",1,3
"492","unlucky","아이유",1,2
"493","UP (Feat. 박봄 Of 2NE1)","에픽하이 (EPIK HIGH)",5,2
"494","UUU","정인",4,2
"495","Venus","신화",5,2
"496","Very Good","블락비 (Block B)",1,2
"497","View","SHINee (샤이니)",2,1
"498","Vista","피에스타",4,2
"499","VIVA청춘","딕펑스 (DICKPUNKS)",4,2
"500","Voice (Feat. Swings)","Lim Kim",4,2
"501","Volume Up","4minute",2,1
"502","Vroom Vroom","EXO-CBX (첸백시)",4,2
"503","Wait","EXO",4,2
"504","Wanna Be (My Baby)","Wanna One (워너원)",5,2
"505","WARRIOR","B.A.P",4,2
"506","Wash Away (Feat. 에일리)","긱스 (Geeks)",2,1
"507","Way Back Home","숀 (SHAUN)",2,3
"508","We are Bulletproof : the Eternal","방탄소년단",4,1
"509","WE LIKE 2 PARTY","BIGBANG",2,1
"510","What a life","세훈&찬열",4,4
"511","What Could I Do (Feat. 범키)","MC몽",5,2
"512","What I Want For Christmas","EXO",4,2
"513","What is Love?","TWICE (트와이스)",2,1
"514","What U do?","EXO",4,2
"515","Whatever (Feat. 민아 Of 걸스데이)","MC몽",1,2
"516","Whatta Man (Good man)","아이오아이 (I.O.I)",2,2
"517","WHERE YOU AT","뉴이스트 W",1,2
"518","Who Are You","샘김 (Sam Kim)",2,1
"519","Who Are You (Feat. 개코)","보아 (BoA)",2,2
"520","WHOZ THAT GIRL","EXID",4,2
"521","Why","태연 (TAEYEON)",1,1
"522","Why So Lonely","원더걸스",2,1
"523","Wind flower","마마무 (Mamamoo)",5,2
"524","Winter Song (Feat. Navi)","프리스타일",5,2
"525","With You","린",5,2
"526","XX","볼빨간사춘기",5,2
"527","Ya Ya Ya","EXO",4,2
"528","YES or YES","TWICE (트와이스)",2,3
"529","YESTERDAY","블락비 (Block B)",2,1
"530","YooHoo (유후)","시크릿",1,1
"531","You","멜로망스",3,3
"532","You Are My Everything","거미",2,1
"533","You＆I","먼데이 키즈 (Monday Kiz)",4,2
"534","You(=I)","볼빨간사춘기",4,3
"535","Yum-Yum (얌얌)","7 go up",5,2
"536","Zeze","아이유",1,1
"537","가","BOBBY",1,2
"538","가끔","Crush",5,1
"539","가끔","지아",3,1
"540","가끔 (Feat. Crush, 기리보이)","긱스 (Geeks)",1,2
"541","가끔 내가","김나영",4,2
"542","가드올리고 Bounce","BOBBY",1,1
"543","가라사대","BewhY (비와이)",4,1
"544","가로수길에서 (Feat. Ara)","가비엔제이",4,2
"545","가르마","AKMU (악동뮤지션)",5,2
"546","가수가 된 이유","이예준",4,2
"547","가슴 뛰도록","SG 워너비",2,1
"548","가슴에 내린다","이수 (엠씨더맥스)",5,2
"549","가슴이 말해","김나영",4,2
"550","가슴이 시린 게","이현",2,1
"551","가시사랑","포맨",4,2
"552","가을 아침","아이유",2,1
"553","가을 안부","먼데이 키즈 (Monday Kiz)",3,3
"554","가을 타나 봐","바이브",3,3
"555","가을밤","버스커 버스커",5,2
"556","가을밤 떠난 너","케이시 (Kassy)",2,1
"557","가족","홍대광",5,2
"558","가지마","나비",5,2
"559","가질 수 없는 너","거미",4,2
"560","가질 수 없는 너","하이니 (HiNi)",5,1
"561","가질 수 없는 너  (화생방실 클레오파트라) (Bonus Track)","김연우",5,1
"562","갈 수가 없어","벤",4,2
"563","감아 (Feat. Crush)","로꼬",1,1
"564","강북멋쟁이","정형돈",1,1
"565","갖고 싶어","Wanna One (워너원)",1,1
"566","갖고놀래 (Feat. 다이나믹 듀오)","범키",2,1
"567","같은 곳에서","소녀온탑",3,1
"568","같은 시간 속의 너","나얼",2,3
"569","같이 걸을까","딕펑스 (DICKPUNKS)",4,2
"570","걔 세","WINNER",5,2
"571","거기서거기 (Without You)","다이나믹 듀오",2,1
"572","거꾸로 걷는다","어반자카파",5,2
"573","거북이","다비치",2,1
"574","거짓말 (Feat. 이해리 Of 다비치)","매드클라운",1,2
"575","거짓말 거짓말 거짓말","이적",1,1
"576","거짓말이라도 해줘요","박보람",4,2
"577","거짓말이야","B1A4",5,2
"578","거품 안 넘치게 따라줘 (Life Is Good) (Feat. Crush, DJ Friz)","다이나믹 듀오",5,2
"579","걱정마쇼 (Feat. 우혜미 & Loptimist)","배치기",4,2
"580","걱정말아요 그대","이적",2,3
"581","건 (Gun)","나인뮤지스",4,2
"582","걷다","윤건",4,2
"583","걸어 본다","B1A4",4,2
"584","겁 (Feat. 태양)","MINO (송민호)",2,3
"585","겁나 (Feat. 매드클라운)","멜로디데이 (MelodyDay)",4,2
"586","겁도 없이","서인국",5,2
"587","겨울사랑","The One (더원)",2,1
"588","겨울소리","박효신",2,2
"589","격정적인 열애설 (Feat. The Channels)","MC몽",5,2
"590","견딜만해 (Feat. 효린 Of 씨스타)","매드클라운",1,1
"591","결국 (Feat. 로제 of BLACKPINK)","G-DRAGON",5,2
"592","결혼","문문 (MoonMoon)",4,1
"593","겸손은 힘들어","리쌍",5,2
"594","고고베베 (gogobebe)","마마무 (Mamamoo)",2,1
"595","고래","AKMU (악동뮤지션)",4,2
"596","고마워 고마워","라디 (Ra. D)",5,2
"597","고마워 내사랑","홍대광",4,2
"598","고백","김동률",5,2
"599","고백","양다일",2,3
"600","고백했는데","Bro",5,2
"601","고장난 선풍기 (Feat. 개리, 효린 Of 씨스타)","MC몽",2,2
"602","고쳐주세요","볼빨간사춘기",5,2
"603","골목길 어귀에서","버스커 버스커",5,2
"604","곰인형 (Feat. 해금)","린",1,1
"605","공감 (Feat. 서영은)","정준영",4,3
"606","공드리","혁오 (HYUKOH)",4,2
"607","공허해","WINNER",2,3
"608","광대 (Feat. 김범수)","박명수",5,2
"609","괜찮겠니","비스트",1,2
"610","괜찮냐고","헤이즈 (Heize)",5,2
"611","괜찮다","윤하 (YOUNHA)",5,2
"612","괜찮다가도","엠씨더맥스 (M.C the MAX)",4,2
"613","괜찮아 사랑이야","다비치",2,1
"614","괜찮아요","비투비",5,2
"615","교통정리 (Feat. 헤이즈)","기리보이",1,1
"616","구르미 그린 달빛","거미",2,1
"617","굿모닝 (Feat. 권정열 Of 10cm)","버벌진트",1,1
"618","굿모닝 (Good Morning)","케이시 (Kassy)",4,2
"619","굿바이 (With 소유 Of 씨스타)","홍대광",5,2
"620","굿바이데이","울랄라세션",5,1
"621","권태중독 (Feat. 선우정아)","MC몽",5,2
"622","귀여워 (With 권정열 Of 10cm)","별",1,1
"623","귀요미송","하리",5,2
"624","그 끝에 그대","청하",5,2
"625","그 남잔 말야","엠씨더맥스 (M.C the MAX)",3,3
"626","그 놈 때문에","엠투엠 (M To M)",4,2
"627","그 다음해","박정현",5,2
"628","그 뻔한 말","정인",5,2
"629","그 사람","아이유",1,2
"630","그 사람을 아나요","임창정",1,1
"631","그 애 (愛)","정엽",4,2
"632","그 애 참 싫다","아이유",4,2
"633","그게 나야","김동률",2,1
"634","그날을 내 등 뒤로","허각",5,2
"635","그날처럼","장덕철",3,3
"636","그냥 조금","어반자카파",5,2
"637","그녀가 곁에 없다면 (결혼 행진곡을 활용한 신곡)","장범준",5,2
"638","그녀가 말했다 (With 권진아)","토이",5,2
"639","그대 고운 내사랑","어반자카파",3,1
"640","그대 그대 그대","엠씨더맥스 (M.C the MAX)",5,2
"641","그대 입술이 (With 채지연 - 풋풋)","버스커 버스커",1,2
"642","그대 한 사람","김수현",1,2
"643","그대, 바람이 되어","엠씨더맥스 (M.C the MAX)",5,1
"644","그대가 나를 본다면","반하나",4,2
"645","그대가 분다","엠씨더맥스 (M.C the MAX)",2,1
"646","그대가 올까요","지아",5,2
"647","그대가 잠든 사이","제아",5,2
"648","그대라구요","정은지",5,2
"649","그대라는 세상","윤미래",5,2
"650","그대라는 시","태연 (TAEYEON)",2,3
"651","그대로 있어도 돼 (Feat. Crush)","Supreme Team",1,2
"652","그대를 잊는다는 건","다비치",5,1
"653","그대만 보여서","김나영",4,2
"654","그대여","먼데이 키즈 (Monday Kiz)",4,2
"655","그대와 함께","B1A4",4,2
"656","그댄 행복에 살텐데","김범수",5,1
"657","그댈 마주하는건 힘들어 (그마힘)","버스커 버스커",2,1
"658","그때 그 아이들은","AKMU (악동뮤지션)",4,2
"659","그때 그 아인","김필",3,3
"660","그때 우리","엠씨더맥스 (M.C the MAX)",2,1
"661","그때 헤어지면 돼","로이킴",2,3
"662","그때가 좋았어","케이시 (Kassy)",3,3
"663","그때로 가고싶다","김보경 (NEON)",4,2
"664","그때의 나, 그때의 우리","어반자카파",2,1
"665","그래, 우리 함께","무한도전",5,2
"666","그래도 사랑해","수지 (SUZY)",5,2
"667","그러고도 남자야 (Feat. 쇼리 Of 마이티마우스)","가비엔제이",5,2
"668","그러나","10CM",2,1
"669","그런 남자","Bro",1,1
"670","그런 너 (Disturbance)","보아 (BoA)",1,2
"671","그런 밤","어반자카파",5,2
"672","그런 줄 알았어","지아",1,2
"673","그럴걸","김나영",4,2
"674","그렇게 당해놓고 (Feat. 마부스 Of 일렉트로보이즈)","임창정",5,2
"675","그렇게 됐어","플라이 투 더 스카이",1,2
"676","그리고 안녕","이승기",2,2
"677","그리고 하나","태연 (TAEYEON)",2,1
"678","그리고, 남겨진 것들","넬 (NELL)",5,2
"679","그리워 그리워하다","포스트맨(Postmen)",4,2
"680","그리워 말아요","나비",5,2
"681","그리워 운다","신보라",5,2
"682","그리워라","10CM",5,2
"683","그리워요 (Girlfriend)","헨리 (HENRY)",4,2
"684","그리워하다","비투비",2,3
"685","그리워해요","2NE1",2,1
"686","그림자","먼데이 키즈 (Monday Kiz)",4,2
"687","그림자","휘인 (Whee In)",4,2
"688","그모습 그대로","장범준",4,2
"689","글루 (Glue)","나인뮤지스",4,2
"690","금요일에 만나요 (Feat. 장이정 Of HISTORY)","아이유",2,3
"691","기다려주세요","버스커 버스커",5,2
"692","기대해","걸스데이",2,1
"693","기대해도 좋은 날","마마무 (Mamamoo)",4,2
"694","기도","윤하 (YOUNHA)",4,2
"695","기억리듬","나얼",5,2
"696","기억속의 먼 그대에게","희진 (GOOD DAY)",4,2
"697","기억을 걷는 밤 (Walk On Memories)","EXO",4,2
"698","기억을 걷다보면","디셈버",1,2
"699","기억의 빈자리","나얼",2,1
"700","기억해줘요 내 모든 날과 그때를","거미",2,3
"701","기적 (ETERNITY)","VIXX (빅스)",4,2
"702","긴 생머리 그녀 (Miss Right)","틴탑",1,1
"703","길 (Song by 아이유, 헨리, 조현아, 양다일)","god",4,2
"704","길이나","AKMU (악동뮤지션)",5,2
"705","깊은밤 슬픈노래","DK",4,2
"706","까탈레나 (Catallena)","오렌지 캬라멜",2,1
"707","깡","비",4,2
"708","꺼내 먹어요","Zion.T",2,3
"709","꼭 어제","XIA (준수)",5,2
"710","꼭 한번 만나고 싶다","바이브",2,1
"711","꽃","아이유",4,2
"712","꽃 (Feat. 타블로 Of 에픽하이)","XIA (준수)",5,2
"713","꽃 (Flower)","첸 (CHEN)",4,2
"714","꽃 길","BIGBANG",2,1
"715","꽃송이가","버스커 버스커",1,1
"716","꽃이 핀다","케이윌",1,1
"717","꽐라","BOBBY",5,2
"718","꾸리스마스","크레용팝",5,2
"719","꿀잼","다이나믹 듀오",1,2
"720","꿈속에 너 (Feat. 전상근)","에이치코드 (H:CODE)",4,3
"721","꿈에서라도","지아",5,2
"722","꿈처럼","벤",2,1
"723","꿈처럼 내린","다비치",5,1
"724","끄덕끄덕","남우현",5,2
"725","끊어줄래 (Feat. San E, 태완)","한해",4,2
"726","끝","권진아",4,1
"727","끼부리지마","WINNER",5,3
"728","나","박원",1,2
"729","나 군대 간다","이승기",5,2
"730","나 어떡해","티아라",4,2
"731","나 왜이래 (Feat. 강민희 Of 미스에스)","San E",2,1
"732","나는 달라 (Feat. BOBBY)","HI SUHYUN",2,1
"733","나는 볼 수 없던 이야기","잔나비",4,2
"734","나도 여자예요","민아 (걸스데이)",5,2
"735","나도 여자인데 (A Girl In Love)","씨스타19",5,2
"736","나들이 갈까","볼빨간사춘기",5,2
"737","나란놈이란","임창정",1,1
"738","나로 말할 것 같으면 (Yes I am)","마마무 (Mamamoo)",2,1
"739","나를 불러","나윤권",5,2
"740","나를 사랑해줘 (Feat. 개코 Of 다이나믹 듀오)","서인영",5,2
"741","나를 사랑했던 사람아","허각",2,1
"742","나를 슬프게 하는 사람들 (노래왕 퉁키)","J.Lee",4,2
"743","나를 잊지말아요","수지 (SUZY)",5,2
"744","나만 아픈 일","이해리 (다비치)",4,2
"745","나만 안되는 연애","볼빨간사춘기",3,3
"746","나만, 봄","볼빨간사춘기",2,1
"747","나보다 더","장동건",4,2
"748","나비효과 (Butterfly Effect)","EXO",4,2
"749","나빠","별",5,2
"750","나빠(NAPPA)","Crush",2,2
"751","나쁜 기집애","CL",5,2
"752","나쁜X (BAD YEAR)","San E",2,2
"753","나쁜놈 (Feat. 소야)","마이티 마우스",1,1
"754","나쁜손 (Feat. 버벌진트) (Naughty Hands)","씨스타",1,2
"755","나쁜여자","레이디스 코드",4,2
"756","나성에 가면","심은경",4,2
"757","나야 나 (PICK ME)","PRODUCE 101",4,1
"758","나에게 넌","다비치",5,2
"759","나의 밤 나의 너","성시경",5,2
"760","나의 사춘기에게","볼빨간사춘기",2,1
"761","나의 어깨에 기대어요","10CM",1,1
"762","나의 옛날이야기","아이유",2,1
"763","나의 오랜 연인에게","다비치",2,1
"764","나타나줘 (Feat. 박재범)","로꼬",4,2
"765","나팔바지","싸이 (PSY)",2,1
"766","나혼자 (Alone)","씨스타",2,1
"767","낙엽 엔딩","장범준",5,2
"768","난리나","블락비 (Block B)",1,1
"769","날 (Feat. JTONG)","지코 (ZICO)",1,2
"770","날 보러 와요 (Come See Me)","AOA",4,2
"771","날 위한 이별","디아",5,2
"772","날개뼈 (Hot Wings) (Feat. 효린 Of Sistar)","다이나믹 듀오",5,1
"773","날라리 (LALALAY)","선미",1,2
"774","남아있어 (Feat. Crush)","로꼬",2,1
"775","남자 없이 잘 살아","미쓰에이",2,1
"776","남자가 다 그렇지 뭐","김종국",5,2
"777","남자도 슬프다 (Feat. 마이티 마우스)","김종국",5,2
"778","남자도 우나요","다비치",2,1
"779","낮과 밤","거미",5,1
"780","낮보다는 밤","EXID",4,2
"781","내 눈에만 보여","10CM",5,1
"782","내 다리를 봐 (Be Ambitious)","달샤벳",5,2
"783","내 마음 들리나요 (Feat. 이하이)","에픽하이 (EPIK HIGH)",4,2
"784","내 마음의 사진","송가인",4,2
"785","내 맘은 죽어가요 (Feat. Speed)","더 씨야",5,2
"786","내 맘을 볼 수 있나요","헤이즈 (Heize)",2,1
"787","내 목소리 들리니","벤",2,1
"788","내 사람","김동률",1,2
"789","내 사람","박보검",1,2
"790","내 생각날 거야 (Narr. 이시영)","거미",5,2
"791","내 생애 가장 행복한 시간 (Feat. 허각)","MC몽",2,1
"792","내 생애 가장 행복한 시간 Part.2 (Feat. 양다일)","MC몽",5,2
"793","내 생에 아름다운","케이윌",2,3
"794","내 안부","이우",4,1
"795","내 옆에 그대인 걸","다비치",2,1
"796","내 입술 따뜻한 커피처럼 (Feat. 이성경) (Prod. by 박근태)","에디킴",1,1
"797","내가 그리웠니 (Feat. 진실 Of Mad Soul Child)","MC몽",2,1
"798","내가 나를 봐도 슬퍼..","김태우",5,2
"799","내가 노래를 못해도","SE7EN",2,1
"800","내가 더 나빠","헤이즈 (Heize)",1,2
"801","내가 많이 사랑해요","이승철",4,2
"802","내가 먼저 (Feat. 은지원)","길미",5,2
"803","내가 미쳐 (Going Crazy)","EXO",4,2
"804","내가 설렐 수 있게","Apink (에이핑크)",5,2
"805","내가 싫다","케이윌",2,2
"806","내가 아니야","비스트",4,2
"807","내가 할 수 없는 말 (Feat. 나비)","정키",2,2
"808","내게 남은 세가지","백아연",5,2
"809","내게 들려주고 싶은 말 (Dear Me)","태연 (TAEYEON)",5,2
"810","내게 와줘서","케이윌",4,2
"811","내게기대 (Feat. 박세영)","스탠딩 에그",4,2
"812","내일 만나 (Sweet Dreams!)","EXO-CBX (첸백시)",4,2
"813","내일은 없어","트러블메이커",2,1
"814","너 그렇게 살지마","럼블피쉬",5,2
"815","너 때문에","제아",5,2
"816","너 때문에 (Feat. 성훈 Of 브라운아이드소울)","UV",5,2
"817","너 땜에 못살아 (Feat. 버벌진트)","서인국",2,1
"818","너 밖에 몰라 (One Way Love)","효린",2,1
"819","너 사용법","에디킴",3,3
"820","너 아님 안돼","2NE1",2,1
"821","너 없는 시간들","다비치",4,1
"822","너 없이 사는 것도","용준형",5,2
"823","너 없인 안 된다","비투비",2,3
"824","너 하나만","김태우",5,2
"825","너 하나야","포맨",1,1
"826","너나 해 (Egotistic)","마마무 (Mamamoo)",2,1
"827","너는 나 나는 너","지코 (ZICO)",2,3
"828","너는 나를 (Feat. 조현아 Of 어반자카파)","김진표",4,2
"829","너는 사랑이다","서인영",4,2
"830","너는 어땠을까","노을",1,3
"831","너니까","이현",5,2
"832","너도 (Feat. Cha Cha Malone)","로꼬",1,1
"833","너도 그냥 날 놓아주면 돼","윤건",3,1
"834","너라는 명작","휘성 (Realslow)",5,2
"835","너라는 시간이 흐른다","XIA (준수)",4,2
"836","너라서","다비치",4,2
"837","너라서 (Special Track)","공유",4,2
"838","너란 봄 (Feat. 하림)","정은지",1,2
"839","너를","브라운 아이드 소울",1,1
"840","너를 너를 너를","플라이 투 더 스카이",2,1
"841","너를 만나","폴킴",1,3
"842","너를 사랑하고 있어","백현 (BAEKHYUN)",1,3
"843","너를 사랑한 시간","정승환",4,2
"844","너를 사랑해","윤미래",2,1
"845","너를 원해 (Feat. Beenzino)","정기고",2,1
"846","너를 위해 (임재범)","이하이",4,2
"847","너만 너만 너만","양다일",5,2
"848","너만이 (Feat. 헤이즈)","유승우",4,2
"849","너무 보고싶어","어쿠스틱 콜라보",1,3
"850","너무너무너무","아이오아이 (I.O.I)",2,1
"851","너에게","성시경",2,1
"852","너에게 (Original Ver.)","김그림",4,2
"853","너에게 가는 이 길 위에서 (너.이.길)","백현 (BAEKHYUN)",4,1
"854","너에게 못했던 내 마지막 말은","다비치",2,3
"855","너에게 배운다 (My Love)","리쌍",1,2
"856","너에게로 간다","원티드",5,2
"857","너에겐 들리지 않는 그 말","신승훈",4,2
"858","너였나봐","아이비",5,2
"859","너였다면","정승환",1,3
"860","너와 나","유승우",5,2
"861","너와 나","홍대광",4,2
"862","너의 모든 순간","성시경",1,1
"863","너의 번호를 누르고 (Prod. 영화처럼)","#안녕",4,1
"864","너의 손짓 (Touch It)","EXO",4,2
"865","너의 얘길 들어줄게","윤미래",5,2
"866","너의 의미 (Feat. 김창완)","아이유",1,3
"867","너의 이름을","Wanna One (워너원)",4,2
"868","너의 집 앞","김수현",2,2
"869","너의 하루는 좀 어때","거미",4,2
"870","넋두리","닐로(Nilo)",5,3
"871","넌 is 뭔들","마마무 (Mamamoo)",1,1
"872","넌 나의 집","포맨",1,2
"873","넌 내꺼라는걸 (Feat. 스윙스)","허각",1,2
"874","넌 너무 야해 (Feat. 긱스) (The Way You Make Me Melt)","씨스타",2,1
"875","널 너무 모르고","헤이즈 (Heize)",2,1
"876","널 너무 사랑해서 (Feat. 정은지 of 에이핑크)","MC몽",1,1
"877","널 사랑하겠어","효린",1,1
"878","널 사랑하지 않아","어반자카파",2,3
"879","널 안지 않을 수 있어야지","첸 (CHEN)",4,2
"880","넘버나인 (No.9)","티아라",1,1
"881","넘어와 (Feat. 백예린)","DEAN",5,1
"882","넘쳐흘러","엠씨더맥스 (M.C the MAX)",2,3
"883","네 생각","존박",3,1
"884","네게 줄 수 있는건 오직 사랑뿐","디셈버",5,1
"885","네온사인","버스커 버스커",5,2
"886","노래","Zion.T",2,1
"887","노래 불러줘요 (Feat. 아이유)","god",4,2
"888","노래방에서","장범준",2,3
"889","노력","박원",3,3
"890","노스텔지아 (Feat. 에릭)","가인",5,2
"891","노을","다비치",4,1
"892","녹는 중 (Feat. 버벌진트)","다비치",1,1
"893","놀만큼 놀아봤어 (Had Enough Parties)","박진영",5,2
"894","누구 없소 (NO ONE) (Feat. B.I of iKON)","이하이",2,1
"895","누구나 비밀은 있다 (Feat. 가인 Of Brown Eyed Girls)","아이유",1,2
"896","누군가 필요해 (Feat. BrotherSu)","라디 (Ra. D)",5,2
"897","누아르 (Noir)","선미",1,2
"898","눈 (Feat. 이문세)","Zion.T",2,1
"899","눈 떠보니 이별이더라","포맨",1,3
"900","눈, 코, 입","태양",2,3
"901","눈꽃","거미",2,1
"902","눈물 (Feat. 유진 Of 더 씨야)","리쌍",2,1
"903","눈물길","휘성 (Realslow)",5,2
"904","눈물샤워 (Feat. 에일리)","배치기",2,1
"905","눈물이 주르륵","손담비",5,2
"906","눈물이 툭 (Feat. 박경 Of 블락비)","지아",5,2
"907","눈물이 한방울","윤하 (YOUNHA)",5,2
"908","눈사람","정승환",2,1
"909","뉴스 (News)","나인뮤지스",5,2
"910","느껴 (My Everything)","범키",1,2
"911","늑대와 미녀 (Wolf)","EXO",4,2
"912","늦은 밤 너의 집 앞 골목길에서","노을",2,3
"913","늦은 얘기들","노을",4,2
"914","니 소식","송하예",3,3
"915","니 얼굴 떠올라 (Feat. 스윙스)","별",5,2
"916","니가 보고 싶어지면","비스트",4,2
"917","니가 싫어","어반자카파",2,1
"918","니가 아니었기를 (Narr. 버벌진트)","미스에스",4,2
"919","니가 없을 때 (Feat. Zion.T)","인피니트H",4,2
"920","니가 왜 거기서 나와 (Narr. 고은아)","영탁",4,2
"921","니가 있어야 할 곳","KATIE",5,2
"922","니가 처음이야 (Feat. 기리보이)","장현승",4,2
"923","니가 필요해 (I Need You)","케이윌",1,1
"924","니가 하면 로맨스 (Feat. 다비치)","케이윌",2,1
"925","니목소리","플라이 투 더 스카이",5,2
"926","닐리리맘보","블락비 (Block B)",2,1
"927","다 쓰고 없다","울랄라세션",5,2
"928","다 잊었니","2BIC(투빅)",5,2
"929","다른 남자 말고 너","미쓰에이",2,1
"930","다른 누구도 아닌 너에게","장재인",4,2
"931","다른 사람 품에 안겨서 (Someone Else) (Duet With 가인)","박진영",2,2
"932","다른사람을 사랑하고 있어","수지 (SUZY)",2,1
"933","다시 (Feat. 유재석)","터보",1,2
"934","다시 만나는 날 (Goodbye for now)","규현 (KYUHYUN)",4,2
"935","다시 만날까 봐","V.O.S",5,3
"936","다시는 사랑하지 않고, 이별에 아파하기 싫어","백지영",2,1
"937","다이너마이트","VIXX (빅스)",4,2
"938","다이아몬드 (Diamond)","EXO",4,2
"939","다정하게, 안녕히","성시경",1,1
"940","다쳐 (Hurt Locker)","나인뮤지스",4,2
"941","단, 하루 (Feat. 배치기)","2BIC(투빅)",5,2
"942","단발머리 (Short Hair)","AOA",1,1
"943","달","AKMU (악동뮤지션)",5,2
"944","달빛이 지고","해오라",4,2
"945","달콤한 빈말 (Feat. 바버렛츠)","백아연",5,2
"946","답이 없었어","홍대광",5,1
"947","답장","김동률",2,1
"948","당신과는 천천히","장범준",2,1
"949","당신의 밤 (Feat. 오혁)","황광희 X 개코",2,1
"950","대.다.나.다.너","VIXX (빅스)",5,2
"951","대박사건 (Crash)","B.A.P",5,2
"952","대충 입고 나와","우디 (Woody)",1,1
"953","더 가까이","효린",4,2
"954","더위 먹은 갈매기 (Feat. 송은이, 김숙)","유재석",5,2
"955","덜덜덜","EXID",5,1
"956","덤앤더머 (DUMB & DUMBER)","iKON",5,1
"957","도망가자 (Feat. 린)","MC몽",2,1
"958","도망가지마","모트 (Motte)",4,2
"959","독 (Feat. E-Sens Of 슈프림팀)","프라이머리",5,2
"960","독기","아이언",1,1
"961","독도리 (Feat. 매드클라운)","박명수 X 딘딘",5,2
"962","돈 Call Me (Prod.BRLLNT)","염따",5,1
"963","돌덩이","하현우 (국카스텐)",3,1
"964","돌스 (Dolls)","나인뮤지스",5,2
"965","돌아보다","민경훈",4,2
"966","돌아오지마 (Feat. 용준형 Of 비스트)","헤이즈 (Heize)",3,3
"967","동행","김동률",5,2
"968","동화","멜로망스",2,1
"969","동화 (feat. 아이유)","김동률",1,2
"970","되돌리다","이승기",2,1
"971","두 마리","배치기",1,1
"972","두 뺨에 닿기 전에","별",5,2
"973","두근거려 (Beautiful)","백현 (BAEKHYUN)",5,2
"974","두근두근","벤",4,2
"975","두눈에. 두볼에. 가슴에 (In My Eyes)","김연지",4,2
"976","두사랑 (Feat. 매드클라운)","다비치",2,1
"977","둘 중에 하나 (Runaway)","카라",4,2
"978","둘 하나 둘","어반자카파",4,2
"979","둘! 셋! (그래도 좋은 날이 더 많기를)","방탄소년단",4,2
"980","둘만의 세상으로 가","Crush",2,1
"981","둘이서 한잔해","다비치",2,2
"982","드라마 (DRAMA)","나인뮤지스",5,2
"983","떠나간다","노을",1,2
"984","떨어지는 낙엽까지도","헤이즈 (Heize)",1,2
"985","떨어진다 눈물이","왁스",4,2
"986","또 (Feat. Tiger JK, Bizzy, 마샬(MRSHLL))","우원재",5,2
"987","또 다시 사랑","임창정",2,3
"988","또 싸워 (Feat. 윤하)","에픽하이 (EPIK HIGH)",5,2
"989","또 운다","문명진",5,2
"990","또 운다 또","다비치",2,1
"991","또 하루 (Feat. 개코)","개리",2,1
"992","똑같은 사랑 똑같은 이별","어반자카파",1,1
"993","뚜두뚜두 (DDU-DU DDU-DU)","BLACKPINK",2,3
"994","뛰뛰빵빵","비투비",4,2
"995","뜨거운 여름밤은 가고 남은 건 볼품없지만","잔나비",1,1
"996","뜨래요 (Feat. 앙리 Of 3B)","배치기",1,1
"997","뜸","WINNER",5,2
"998","라면인건가","AKMU (악동뮤지션)",1,1
"999","라비앙로즈 (La Vie en Rose)","IZ*ONE (아이즈원)",1,1
"1000","러브 레시피","클래지콰이",5,2
"1001","러브스토리 (Feat. 크러쉬)","SURAN (수란)",5,2
"1002","러시안 룰렛 (Russian Roulette)","Red Velvet (레드벨벳)",2,3
"1003","러시안룰렛 (Russian Roulette)","스피카",4,2
"1004","레시피","브라운아이드걸스",2,2
"1005","레옹","이유 갓지(GOD G) 않은 이유 (박명수, 아이유)",2,1
"1006","룩앳미 (Look At Me)","쥬얼리",4,2
"1007","리듬 타 (RHYTHM TA)","iKON",1,1
"1008","리본 (Ribbon)","비스트",2,1
"1009","리얼리티","AKMU (악동뮤지션)",4,2
"1010","립스틱 (LIPSTICK)","오렌지 캬라멜",2,1
"1011","링가 링가 (RINGA LINGA)","태양",2,1
"1012","마네퀸 (Feat. Beenzino, 수란)","프라이머리",5,2
"1013","마녀가 된 이유","NS 윤지",4,2
"1014","마리오네트","스텔라",4,2
"1015","마음","아이유",2,1
"1016","마음 단단히 먹어 (Feat. 에일리)","MC몽",2,2
"1017","마음으로만","박정현",5,2
"1018","마음을 드려요","아이유",2,3
"1019","마음을 삼킨다","산들",4,2
"1020","마음이 말하는 행복 (Happiness) (Feat.이라온)","마크툽 (MAKTUB)",5,1
"1021","마지막 그 한마디","이승기",5,2
"1022","마지막 장면 (Feat. 이성경)","싸이 (PSY)",5,2
"1023","마지막으로 안아도 될까","허각",4,2
"1024","마지막처럼","BLACKPINK",2,3
"1025","마치 비행기 (Feat. 개리)","San E",5,2
"1026","마치 우린 없었던 사이 (Prod. 정키)","다비치",4,2
"1027","마침표","아이유",4,2
"1028","막걸리 한잔","영탁",4,2
"1029","만세","양세형 X BewhY",5,2
"1030","만약에 말야 (전우성 Solo)","노을",5,1
"1031","만약에 말야 (화생방실 클레오파트라) (Bonus Track)","김연우",4,2
"1032","만인의 연인 (Feat. 하림)","써니힐",1,2
"1033","말리꽃","유성은",4,2
"1034","말만해 (What You Want) (Feat. 김성규)","칸토",4,2
"1035","말이야","이홍기 (FT아일랜드)",4,2
"1036","말해 Yes Or No (Feat. PENOMECO, The Quiett)","지코 (ZICO)",3,1
"1037","말해! 뭐해?","케이윌",2,1
"1038","맘도둑","강승윤",5,2
"1039","맙소사","황태지 (황광희, 태양, 지드래곤)",1,1
"1040","맞지?","언니쓰",1,1
"1041","매일 그대와","소진 (Sojin)",5,2
"1042","매일 그대와","아이유",5,2
"1043","매일 듣는 노래 (A Daily Song)","황치열",2,3
"1044","매일 매일 기다려 (우리 동네 음악대장)","하현우 (국카스텐)",4,2
"1045","매일 이별","김연지",4,2
"1046","매일밤","EXID",4,2
"1047","매트리스","10CM",2,1
"1048","맥주 두 잔","키썸 (Kisum)",5,2
"1049","맨정신","BIGBANG",2,1
"1050","먹구름 (Feat. nafla)","헤이즈 (Heize)",5,2
"1051","먹지","예성 (YESUNG)",5,2
"1052","멀리서 안부","윤하 (YOUNHA)",4,2
"1053","멀어질까봐","C-CLOWN",4,2
"1054","멋지게 인사하는 법 (Feat. 슬기 of Red Velvet)","Zion.T",2,1
"1055","멋진헛간","오대천왕 (정형돈, 밴드 혁오)",2,2
"1056","멍청이(twit)","화사 (Hwa Sa)",2,1
"1057","메뚜기월드","유재석",5,2
"1058","메트로놈 (Metronome) (Feat. Simon Dominic & Gray)","박재범",4,2
"1059","멘붕 (CL Solo)","2NE1",5,1
"1060","명수네 떡볶이 (Feat. 김예림, UL)","박명수",2,2
"1061","몇 년 후에","블락비 (Block B)",5,2
"1062","모노드라마 (With 유승우)","허각",2,1
"1063","모래시계 (Prod. 헤이즈)","Wanna One (워너원) - 더힐",1,1
"1064","모르나요","김종국",5,2
"1065","모르시나요","다비치",1,1
"1066","모해 (mohae) (Feat. 볼빨간사춘기)","San E",2,2
"1067","목소리","노을",2,1
"1068","목요일 밤 (Feat. 빈지노)","어반자카파",2,1
"1069","몸","MINO (송민호)",5,2
"1070","몸만와 (With 버벌진트)","팬텀",5,2
"1071","못참겠어 (Feat. 로꼬)","에릭남 (Eric Nam)",4,2
"1072","묘해, 너와","어쿠스틱 콜라보",3,3
"1073","무릎","아이유",5,2
"1074","무제(無題) (Untitled, 2014)","G-DRAGON",2,1
"1075","무지개 (Feat. 윤닭 Of 오브로젝트)","스탠딩 에그",5,2
"1076","문득","노을",5,2
"1077","문을 여시오 (Feat. 김창렬) (New Ver.)","임창정",4,2
"1078","문자 (Feat. 백지영)","마리오",5,2
"1079","묻고싶다 (One Love)","Wanna One (워너원)",4,2
"1080","물 만난 물고기","AKMU (악동뮤지션)",4,2
"1081","물 좋아?","4minute",5,2
"1082","물들어","손승연",4,2
"1083","뭐해 (What are you up to)","강다니엘",4,2
"1084","뭘해도 예쁜걸","길구봉구",5,2
"1085","미스코리아","이효리",1,2
"1086","미스터리 (Feat. San E)","박지윤",1,1
"1087","미안해","박정현",5,2
"1088","미안해","양다일",3,3
"1089","미안해 (feat. Beenzino)","Zion.T",2,2
"1090","미안해서 미안해 (Feat. G.NA)","김진표",5,1
"1091","미운 날","닐로(Nilo)",1,2
"1092","미운사람","비스트",5,2
"1093","미운오리새끼","god",2,1
"1094","미워요 (Feat. 용준형 Of 비스트)","이루",4,2
"1095","미워해야 한다면","플라이 투 더 스카이",4,2
"1096","미쳐","4minute",2,1
"1097","미치게 만들어","효린",1,1
"1098","미치게 보고싶은","태연 (TAEYEON)",1,1
"1099","미친 소리","이예준",4,2
"1100","미친거 아니야?","2PM",5,2
"1101","미친게 아니라구요 (Feat. MC 스나이퍼)","손승연",5,2
"1102","미친연애 (Bad Girl) (Feat. E-Sens Of 슈프림팀)","범키",2,1
"1103","밀고 당겨줘 (Tease Me)","서인국",5,2
"1104","밀당의 고수","에디킴",5,2
"1105","밀리언조각 (A Million Pieces)","규현 (KYUHYUN)",5,2
"1106","바라보기","엠씨더맥스 (M.C the MAX)",4,3
"1107","바라지 않아 (Feat. 소정 Of 레이디스 코드)","정키",5,2
"1108","바람기억","나얼",2,3
"1109","바람꽃","이선희",4,2
"1110","바람에 날려 (Feat. 펀치 (Punch))","배치기",4,2
"1111","바람의 유령","제국의아이들 (ZE:A)",4,2
"1112","바람이 불었으면 좋겠어","길구봉구",4,3
"1113","바람이나 좀 쐐 (Feat. 우혜미)","개리",2,1
"1114","바래다줄게 (Take You Home)","백현 (BAEKHYUN)",5,2
"1115","바램","임영웅",4,1
"1116","바램","정준일",5,2
"1117","바보야","허각",5,1
"1118","바보에게 바보가","지아",1,2
"1119","바보에게 바보가 (Feat. 스컬)","하하",5,2
"1120","바빠 (Bad Boy)","씨스타",2,1
"1121","반도의흔한랩퍼 (Feat. San E, 스윙스)","버벌진트",4,2
"1122","반만","진민호",3,3
"1123","반창꼬","노을",1,1
"1124","반해","전효성",4,2
"1125","받는 사랑이 주는 사랑에게","다비치",5,2
"1126","발자국 (On the snow)","EXO",4,2
"1127","밤","버스커 버스커",1,2
"1128","밤 끝없는 밤","AKMU (악동뮤지션)",4,2
"1129","밤샜지 (Prod. By ZICO)","육지담",5,2
"1130","밤을 새 (Feat. 베이식)","허각",5,2
"1131","밤이 되니까","펀치 (Punch)",3,3
"1132","밤이 오는 거리 (Feat. 다이나믹듀오)","노을",1,2
"1133","밤편지","아이유",2,3
"1134","방구석 날라리","처진 달팽이 (유재석 & 이적)",5,2
"1135","방에 모기가 있어 (Do You Think Of Me?)","10CM",5,2
"1136","배인 (VAIN) (Feat. Koonta Of Rude Paper)","언터쳐블",4,2
"1137","백마는 오고 있는가","써니힐",5,2
"1138","백야","넬 (NELL)",5,2
"1139","백야","엠씨더맥스 (M.C the MAX)",1,2
"1140","뱃노래","AKMU (악동뮤지션)",4,2
"1141","뱅뱅뱅 (BANG BANG BANG)","BIGBANG",1,3
"1142","버릇처럼 셋을 센다","KCM",4,1
"1143","벌써 12시","청하",2,3
"1144","벗","닐로(Nilo)",5,1
"1145","벚꽃 엔딩","버스커 버스커",2,3
"1146","벚꽃연가","첸 (CHEN)",5,2
"1147","베베 (BABE)","현아",5,1
"1148","베짱이 찬가","써니힐",1,1
"1149","별 보러 갈래?","볼빨간사춘기",2,1
"1150","별 시 (別 時)","박효신",5,2
"1151","별 헤는 밤","40",4,2
"1152","별에서 온 그대","윤하 (YOUNHA)",5,2
"1153","별이 빛나는 밤","마마무 (Mamamoo)",2,3
"1154","별처럼","케이윌",1,1
"1155","병이에요 (Spotless Mind)","정준영",5,2
"1156","보고 싶어...운다","린",1,1
"1157","보고싶다 (김범수)","백아연",5,2
"1158","보고싶어","걸스데이",1,2
"1159","보고싶어","효린",4,2
"1160","보기 드문 여자","블락비 (Block B)",4,2
"1161","보라빛향기","WABLE (와블)",4,2
"1162","보란 듯이","지아",4,2
"1163","보란듯이 (Feat. 앤덥)","손승연",4,2
"1164","보름달 (Feat. Lena)","선미",1,1
"1165","보여","Wanna One (워너원)",4,2
"1166","보통연애 (Feat. 박보람)","박경",1,1
"1167","복숭아","아이유",5,2
"1168","봄 여름 여름 여름","용감한 녀석들",1,2
"1169","봄 타나봐 (BOMTANABA)","서인국",1,2
"1170","봄날","방탄소년단",2,5
"1171","봄날의 기억","비투비",5,2
"1172","봄바람","Wanna One (워너원)",2,1
"1173","봄바람","버스커 버스커",5,2
"1174","봄바람 (Feat. 나얼)","이문세",5,2
"1175","봄봄봄","로이킴",2,1
"1176","봄비","백지영",1,2
"1177","봄비","장범준",5,2
"1178","봄이 좋냐??","10CM",2,1
"1179","봉숙이","장미여관",4,2
"1180","봉제선 (Feat. 수란)","다이나믹 듀오",4,2
"1181","부담이 돼 (Feat. 휘인 Of 마마무)","정키",2,1
"1182","부르즈 할리파 (Feat. 얀키, 개코)","에픽하이 (EPIK HIGH)",5,2
"1183","부산 바캉스","레게 강 같은 평화",5,2
"1184","북두칠성","로이킴",4,2
"1185","분홍신","아이유",2,1
"1186","불공평해 (Unfair)","EXO",5,1
"1187","불꽃","백지영",1,2
"1188","불꽃","초아",4,2
"1189","불꽃놀이 (Flowerbomb)","Wanna One (워너원)",4,2
"1190","불장난","BLACKPINK",2,3
"1191","불치병 (Feat. 키비 Of 이루펀트)","나비",4,2
"1192","불타오르네 (FIRE)","방탄소년단",1,1
"1193","불티 (Spark)","태연 (TAEYEON)",1,1
"1194","붐바야","BLACKPINK",1,1
"1195","붕붕 (Feat. 식케이) (Prod. GroovyRoom)","김하온 (HAON)",2,1
"1196","블라블라 (Prod.by 윤종신) (Blah Blah)","규현 (KYUHYUN)",4,2
"1197","블랙홀 (Feat. 에일리)","MC몽",5,2
"1198","비","폴킴",3,3
"1199","비가 내리는 날에는","윤하 (YOUNHA)",5,1
"1200","비가 내리면","비투비-블루",4,2
"1201","비가 온다","강승윤",1,2
"1202","비가 온다","정승환",4,2
"1203","비도 오고 그래서 (Feat. 신용재)","헤이즈 (Heize)",2,3
"1204","비를 내려줘요","린",5,2
"1205","비밀의 화원","아이유",5,2
"1206","비범벅 (Feat. 범키)","버벌진트",1,1
"1207","비오는 날 뭐해","하은",4,2
"1208","비올레타","IZ*ONE (아이즈원)",5,1
"1209","비포 선라이즈 (Duet With 정인)","이적",5,2
"1210","비행운","문문 (MoonMoon)",3,3
"1211","빌었어","창모 (CHANGMO)",3,1
"1212","빗소리","B.A.P",5,2
"1213","빗속으로","장범준",5,2
"1214","빙글뱅글 (Bingle Bangle)","AOA",1,1
"1215","빛나리","펜타곤",4,2
"1216","빛이 되어줘","블락비 (Block B)",5,2
"1217","빠빠빠","크레용팝",1,1
"1218","빨간 맛 (Red Flavor)","Red Velvet (레드벨벳)",2,3
"1219","빨개요","현아",1,1
"1220","빨리 전화해 (Feat. KUSH)","MOBB (MINO & BOBBY)",4,2
"1221","뻔한 멜로디 (Feat. Crush)","Zion.T",5,2
"1222","뿜뿜","모모랜드 (MOMOLAND)",2,3
"1223","삐삐","아이유",2,3
"1224","삐에로는 우릴 보고 웃지","아이유",5,2
"1225","사계 (Four Seasons)","태연 (TAEYEON)",2,3
"1226","사계 (하루살이)","엠씨더맥스 (M.C the MAX)",3,3
"1227","사라질것들 (Feat. 이소라, Beenzino)","병살 (정준하 & 김C)",5,2
"1228","사람","지코 (ZICO)",5,2
"1229","사람들이 움직이는 게","AKMU (악동뮤지션)",1,2
"1230","사랑 그 한마디","태연 (TAEYEON)",5,2
"1231","사랑 범벅 (Feat. 챈슬러 of the channels)","MC몽",2,1
"1232","사랑 알 수 없나봐","폴킴",4,2
"1233","사랑 이딴 거","임한별",4,2
"1234","사랑, 하자","수호 (SUHO)",1,2
"1235","사랑.. 그 놈 (화생방실 클레오파트라)","김연우",5,2
"1236","사랑... 어떡하나요","양파",4,2
"1237","사랑가시 (민호&태현)","WINNER",5,2
"1238","사랑시 고백구 행복동","제이세라",5,2
"1239","사랑아 또 사랑아","백지영",5,2
"1240","사랑앓이 (With 김나영)","FTISLAND (FT아일랜드)",5,1
"1241","사랑에 빠져요 (금세 사랑에 빠지는)","장범준",5,2
"1242","사랑에 빠졌죠 (당신만이)","장범준",1,1
"1243","사랑에 연습이 있었다면 (Prod. 2soo)","임재현",3,3
"1244","사랑에 연습이 있었다면 (답가)","히키 (Hickee)",4,2
"1245","사랑은 눈꽃처럼","XIA (준수)",2,1
"1246","사랑은 미친짓 (Feat. 칸토 of 트로이)","15& (박지민, 백예린)",2,1
"1247","사랑은 은하수 다방에서","AKMU (악동뮤지션)",5,2
"1248","사랑은 이렇게","이영현",4,2
"1249","사랑은 이렇게","케이윌",5,2
"1250","사랑은 타이밍","버스커 버스커",2,2
"1251","사랑을 했다 (LOVE SCENARIO)","iKON",2,3
"1252","사랑의 시작은 고백에서부터","김범수",3,1
"1253","사랑이 맞을거야","윤미래",2,1
"1254","사랑이 방울지네","10CM",5,2
"1255","사랑이 식었다고 말해도 돼","먼데이 키즈 (Monday Kiz)",2,3
"1256","사랑이 아프다","이상곤 (노을)",4,2
"1257","사랑이 아프다","환희",5,1
"1258","사랑이 운다","케이윌",5,2
"1259","사랑이 잘 (With 오혁)","아이유",2,1
"1260","사랑이 제일 낫더라 (With 남궁송옥, 개코 Of Dynamic Duo)","박진영",5,2
"1261","사랑이 지나가면","아이유",1,2
"1262","사랑이라면","노을",5,2
"1263","사랑이란 말이 어울리는 사람(사말어사)","장범준",1,2
"1264","사랑이란 멜로는 없어","전상근",1,3
"1265","사랑이었다 (Feat. 루나 of f(x))","지코 (ZICO)",1,1
"1266","사랑이었다 (Song By 태일)","블락비 (Block B)",4,2
"1267","사랑하고 싶어","틴탑",4,2
"1268","사랑하고 싶어서","허각",4,2
"1269","사랑하고 싶은 날","이승철",5,2
"1270","사랑하고 있습니다","2BIC(투빅)",5,2
"1271","사랑하긴 했었나요 스쳐가는 인연이었나요 짧지않은 우리 함께했던 시간들이 자꾸 내 마음을 가둬두네","잔나비",5,1
"1272","사랑하나 봐","이승철",4,2
"1273","사랑하자","SG 워너비",1,1
"1274","사랑하지 말아요 (Prod. 로코베리)","이석훈",4,2
"1275","사랑학개론","백아연",4,2
"1276","사랑한다는 말","이승기",5,2
"1277","사랑한다면 해선 안될 말","에픽하이 (EPIK HIGH)",4,2
"1278","사랑할수록 (화생방실 클레오파트라)","김연우",5,1
"1279","사랑해 기억해","아이오아이 (I.O.I)",4,2
"1280","사랑해 봤니","J.Lee",5,2
"1281","사랑해 사랑해 사랑해","포맨",5,2
"1282","사랑해도 너무나","윤건",5,2
"1283","사랑해서 그래","강민경 (다비치)",4,2
"1284","사랑해요","김범수",3,1
"1285","사랑해요","정준하",4,2
"1286","사랑했다치자 (Feat. 릴보이)","서인영",5,2
"1287","사랑했으니..됐어","거미",5,2
"1288","사뿐사뿐","AOA",1,1
"1289","사소한 것에서","AKMU (악동뮤지션)",5,2
"1290","사슬 (Chained Up)","VIXX (빅스)",5,2
"1291","사실 나는 (Feat.전건호)","경서예지",5,1
"1292","사월의 눈","허각",2,1
"1293","사월이 지나면 우리 헤어져요 (Beautiful goodbye)","첸 (CHEN)",2,3
"1294","사이렌 (Siren)","선미",2,1
"1295","사이먼 도미닉","사이먼 도미닉",1,1
"1296","산다는 건 (Cheer Up)","홍진영",5,1
"1297","살만찌고","4minute",5,2
"1298","살만해졌어","손승연",5,2
"1299","살아 봤으면 해","2NE1",2,1
"1300","삼바의 매력 (Feat. 개리, 정인)","길",5,2
"1301","상상","볼빨간사춘기",5,2
"1302","새 사랑","송하예",1,1
"1303","새 신발","아이유",5,2
"1304","새벽 가로수길 (With 송유빈)","백지영",5,1
"1305","새벽한시 (1AM)","태양",5,2
"1306","새삼스럽게 왜","AKMU (악동뮤지션)",5,2
"1307","생각날거야","다비치",1,1
"1308","샤넬 (Feat. 박봄)","MC몽",1,1
"1309","서랍정리","빅마마",4,2
"1310","서울 밤 (feat. 빈지노)","어반자카파",2,1
"1311","서울 이곳은","로이킴",4,1
"1312","선 (Feat. 우효) (45.7cm)","유승우",4,2
"1313","선물","멜로망스",2,3
"1314","세 단어","젝스키스",2,1
"1315","세 사람 (With 성시경)","토이",1,1
"1316","세월이 가면","기현 (Kihyun)",5,1
"1317","섹시 보이 (Feat. 영지)","하하",5,2
"1318","센치해","WINNER",1,1
"1319","셋 셀테니 (1, 2, 3!)","승리",1,1
"1320","소개받기로 했어","벤",4,2
"1321","소격동","아이유",1,2
"1322","소나기","아이오아이 (I.O.I)",1,3
"1323","소나기 (Feat. 10cm)","용준형",1,3
"1324","소나기 (주르르루)","버스커 버스커",2,1
"1325","소녀","오혁",2,1
"1326","소독약 (Love medicine)","주원",5,2
"1327","소름 (Chill)","EXO",4,2
"1328","소우주 (Mikrokosmos)","방탄소년단",1,1
"1329","소원","어반자카파",3,1
"1330","소재","AKMU (악동뮤지션)",4,2
"1331","손잡아 줘요","이하이",1,2
"1332","솔직하게 말해서 나","김나영",2,1
"1333","수퍼비와 (Feat. BewhY) (Prod. BewhY)","수퍼비",1,2
"1334","술 한잔해요 오늘","지아",5,2
"1335","술래","Wanna One (워너원)",4,2
"1336","술이 달다 (Feat. Crush)","에픽하이 (EPIK HIGH)",2,1
"1337","숨","박효신",1,3
"1338","숲","이승기",5,2
"1339","쉽지않아 (Missing)","틴탑",4,2
"1340","스모키걸 (Smoky Girl)","엠블랙",5,2
"1341","스물셋","아이유",2,1
"1342","스쳐간다","로이킴",5,2
"1343","스토커","10CM",4,3
"1344","스토커 (Feat. 매드클라운) (Stalker)","효린",5,2
"1345","스포일러","에픽하이 (EPIK HIGH)",1,2
"1346","스폰서 ($ponsor)","으뜨거따시 (하하, 자이언티)",1,1
"1347","슬피 우는 새 (Feat. 이수영)","아웃사이더",1,1
"1348","습관 (Bad Habits)","숀 (SHAUN)",5,2
"1349","시간과 낙엽","AKMU (악동뮤지션)",1,1
"1350","시간을 거슬러","린",2,1
"1351","시간의 바깥","아이유",2,1
"1352","시간이 들겠지 (Feat. Colde)","로꼬",2,1
"1353","시간이 흐른뒤 (윤미래)","이하이",5,2
"1354","시든 꽃에 물을 주듯","HYNN (박혜원)",3,3
"1355","시원한 여자","버스커 버스커",1,2
"1356","시작","가호 (Gaho)",2,3
"1357","시작","고아라",4,2
"1358","시작됐나, 봄","장덕철",5,2
"1359","시작이 좋아 (Feat. 강민희 Of 미스에스)","버벌진트",1,1
"1360","시차","방탄소년단",1,1
"1361","시차 (We Are) (Feat. 로꼬 & GRAY)","우원재",2,3
"1362","시청 앞 지하철 역에서","곽진언",4,4
"1363","신세계","브라운아이드걸스",5,2
"1364","신용재","하은",3,3
"1365","신청곡 (Feat. SUGA of BTS)","이소라",1,1
"1366","신촌을 못가","포스트맨(Postmen)",2,3
"1367","싫다","백지영",2,1
"1368","싫어 (Hate)","4minute",5,2
"1369","심술","볼빨간사춘기",3,3
"1370","심쿵해 (Heart Attack)","AOA",2,3
"1371","십이월 이십오일의 고백","정승환",2,1
"1372","쌔끈해 (Three Dopeboyz) (Feat. Zion.T)","다이나믹 듀오",1,2
"1373","썸 탈꺼야","볼빨간사춘기",2,3
"1374","썸머시즌 (Feat. 이퀄리티, XOXO)","프리스타일",5,2
"1375","쎈언니","제시 (Jessi)",4,2
"1376","쏘쏘","백아연",2,1
"1377","쏘아","하하 X MINO",1,2
"1378","쓰담쓰담","10CM",1,1
"1379","씨스루","권진아",1,2
"1380","씨스루 (Feat. Zion.T, 개코 Of 다이나믹듀오)","프라이머리",4,3
"1381","씨스루 (Feat. 개코, Zion.T)","프라이머리",5,1
"1382","아낙네","MINO (송민호)",2,1
"1383","아는사람 얘기","San E",2,1
"1384","아니기를","이기찬",5,2
"1385","아니라고","iKON",4,2
"1386","아니야","윤하 (YOUNHA)",5,2
"1387","아로하","조정석",2,3
"1388","아름다운 나이","버스커 버스커",2,2
"1389","아름다운 밤","울랄라세션",2,1
"1390","아름다운 밤이야","비스트",1,1
"1391","아름다운 아픔 (2012 New Ver.)","김민종",4,2
"1392","아름다워","창모 (CHANGMO)",3,1
"1393","아름다워 (Body)","태양",4,2
"1394","아름답고도 아프구나","비투비",2,1
"1395","아름답다","하이라이트 (Highlight)",5,2
"1396","아마추어","이승철",5,2
"1397","아무나 (Feat. 길미)","은지원",5,2
"1398","아무노래","지코 (ZICO)",2,3
"1399","아무렇지 않게, 안녕","HYNN (박혜원)",4,2
"1400","아빙아빙 (Abing Abing)","오렌지 캬라멜",4,2
"1401","아스라이","엠씨더맥스 (M.C the MAX)",4,2
"1402","아예 (Ah Yeah)","EXID",2,1
"1403","아재개그 (Narr. 김대희, 김준호)","마마무 (Mamamoo)",4,2
"1404","아저씨 (Feat. 제이레빗)","김진표",4,2
"1405","아주 NICE","세븐틴",4,3
"1406","아직 사랑한다","CNBLUE (씨엔블루)",5,2
"1407","아침부터 아침까지 (ah-ah)","틴탑",4,2
"1408","아침에 (Feat. Bryn)","양홍원",5,1
"1409","아카시아","백지영",5,2
"1410","아퍼 (Feat. Kid Milli, Lil tachi, 김승민, NO:EL, C JAMM)","기리보이",5,1
"1411","아프다","허각",1,1
"1412","아프지 마요","젝스키스",4,2
"1413","악몽 (Feat. 박수진)","배치기",5,2
"1414","안갯길 (Prod. By 진영(B1A4))","벤",5,1
"1415","안경","아이유",5,2
"1416","안녕","2NE1",4,2
"1417","안녕","AKMU (악동뮤지션)",5,2
"1418","안녕","폴킴",2,3
"1419","안녕","효린",2,1
"1420","안녕 (Hi~)","러블리즈",4,1
"1421","안녕 나야","포맨",1,1
"1422","안녕, 오늘의 그대에게","임한별",4,2
"1423","안녕이라는 말","송이한",4,2
"1424","안녕하세요","김재환",4,2
"1425","안되겠더라","포맨",2,1
"1426","안아보자","포맨",1,1
"1427","안아보자 (Feat. 정엽)","제아",5,2
"1428","안자고 뭐해 (Good Night)","미스에스",4,2
"1429","안좋을때 들으면 더 안좋은 노래","형돈이와 대준이",1,1
"1430","알러뷰","EXID",4,2
"1431","알았다면","장덕철",5,1
"1432","애쓰지 마요","박보람",4,1
"1433","애처럼 굴지마 (Feat. 기리보이)","씨스타",5,2
"1434","야생화","박효신",2,3
"1435","야시시","NS 윤지",5,2
"1436","약도 없대요 (Feat. 버벌진트)","백지영",5,2
"1437","약속 (EXO 2014)","EXO",5,2
"1438","약속해요 (I.P.U.)","Wanna One (워너원)",1,1
"1439","약속해요 (고백 Ver.)","Wanna One (워너원)",4,2
"1440","약한 사람 (Feat. 허인창)","버벌진트",5,2
"1441","양화대교","Zion.T",3,3
"1442","어김없이","엠씨더맥스 (M.C the MAX)",4,2
"1443","어느 60대 노부부이야기","임영웅",4,3
"1444","어느 멋진 날","정용화 (CNBLUE)",5,2
"1445","어느 봄날","2AM",2,1
"1446","어디 (Feat. DEAN, ZICO)","킬라그램 (KILLAGRAMZ)",5,2
"1447","어디서 잤어 (Feat. 버벌진트, 스윙스)","San E",1,2
"1448","어디선가 언젠가","성시경",5,2
"1449","어디에도","엠씨더맥스 (M.C the MAX)",2,3
"1450","어때 (Feat. 하림)","긱스 (Geeks)",2,1
"1451","어땠을까","김나영",2,1
"1452","어떤 날엔","김재환",5,1
"1453","어떤가요","노을",5,2
"1454","어떻게 이별까지 사랑하겠어, 널 사랑하는 거지","AKMU (악동뮤지션)",2,3
"1455","어떻게 지내","Crush",1,1
"1456","어려운 여자","장범준",1,2
"1457","어른","Sondia",4,2
"1458","어린왕자 (The Little Prince)","려욱 (RYEOWOOK)",4,2
"1459","어머님이 누구니 (Feat. 제시)","박진영",2,1
"1460","어이 (Uh-ee)","크레용팝",5,2
"1461","어젯밤 이야기","아이유",5,2
"1462","어쩌면 나","로이킴",5,2
"1463","어쩔 수 없지 뭐","하이라이트 (Highlight)",5,2
"1464","언제쯤이면 (Duet.아이유)","윤현상",2,1
"1465","얼굴 찌푸리지 말아요","하이라이트 (Highlight)",2,1
"1466","얼음들","AKMU (악동뮤지션)",1,2
"1467","엄마를 닮았네","길",5,2
"1468","없어 (Feat. 이루펀트)","윤하 (YOUNHA)",4,2
"1469","에너제틱 (Energetic)","Wanna One (워너원)",1,3
"1470","에라 모르겠다","BIGBANG",2,1
"1471","여름밤에 우린","스탠딩 에그",2,1
"1472","여름밤의 꿈","아이유",4,2
"1473","여수 밤바다","버스커 버스커",1,1
"1474","여인","노을",5,2
"1475","여자 대통령","걸스데이",2,1
"1476","여자사람","노라조",4,2
"1477","여자친구","하은요셉",5,1
"1478","여전히 난","나얼",5,2
"1479","여전히 뜨겁게","백지영",5,2
"1480","여행","볼빨간사춘기",2,3
"1481","연결고리#힙합","BOBBY",2,3
"1482","연락하지마 (Feat. LE Of EXID)","가비엔제이",5,2
"1483","연애 (Love Song)","김그림",4,2
"1484","연애의 시작","이석훈",4,2
"1485","연예할래","박보람",2,1
"1486","열두 시가 되면","가인",5,2
"1487","열아홉","그리 (GREE)",5,2
"1488","열애중","벤",3,3
"1489","열애중 (답가)","하은",4,2
"1490","열어줘","Knock",5,2
"1491","영계백숙 (Feat. 뮤지컬 & 앙상블 13인)","정형돈",5,2
"1492","영웅 (英雄; Kick It)","NCT 127",4,2
"1493","영원+1 (Prod. NELL)","Wanna One (워너원) - 린온미",5,2
"1494","영화 속에 나오는 주인공처럼","펀치 (Punch)",4,1
"1495","영화관","Zion.T",5,2
"1496","예뻐 예뻐","레이디스 코드",5,1
"1497","예뻐졌다 (Feat. 지코 Of Block B)","박보람",2,1
"1498","예쁘잖아","기리보이",4,2
"1499","예쁜 나이 25살","송지은",4,2
"1500","예쁜 속옷","지나",5,2
"1501","예쁜게 다니","살찐고양이",5,2
"1502","예이 (YeY)","비스트",5,2
"1503","오,예!","형돈이와 대준이",5,2
"1504","오늘 같은 눈물이","허각",2,1
"1505","오늘 모해 (#WYD)","iKON",5,2
"1506","오늘 뭐해","4minute",2,1
"1507","오늘 뭐해?","헬로비너스",4,2
"1508","오늘 밤 (Feat. 배치기)","린",2,1
"1509","오늘 밤에","홍진영",4,1
"1510","오늘 취하면 (Feat. 창모) (Prod. SUGA)","SURAN (수란)",2,3
"1511","오늘도 그리워 그리워","다비치",4,2
"1512","오늘도 빛나는 너에게 (To You My Light) (Feat.이라온)","마크툽 (MAKTUB)",3,3
"1513","오늘따라 (Feat. 가인)","팬텀",5,2
"1514","오늘따라 보고싶어서 그래","다비치",2,1
"1515","오늘밤도","펀치 (Punch)",4,2
"1516","오늘부터 1일 (Day 1)","케이윌",2,1
"1517","오래된 노래","스탠딩 에그",2,3
"1518","오랜 날 오랜 밤","AKMU (악동뮤지션)",2,3
"1519","오랜만이야 (Feat. Zion.T)","로꼬",5,2
"1520","오랜만이죠 (Feat. 신지수)","라디 (Ra. D)",1,2
"1521","오롯이","헤이즈 (Heize)",4,2
"1522","오만과 편견 (Feat. 수란)","지코 (ZICO)",4,2
"1523","오빠라고 불러다오","장미하관 (노홍철 & 장미여관)",5,2
"1524","오빠야","신현희와김루트",3,3
"1525","오예","10CM",5,2
"1526","오월의 어느 봄날 (Feat. 첸(CHEN))","임한별",4,2
"1527","오직 너만","김범수",5,2
"1528","올림픽대로 (Feat. MC날유)","형돈이와 대준이",5,2
"1529","와리가리","혁오 (HYUKOH)",3,1
"1530","와일드 (Wild)","나인뮤지스",4,2
"1531","왜 또","iKON",4,2
"1532","왜 몰랐을까","로이킴",4,2
"1533","왜 이제야 왔니","정엽",5,1
"1534","외국인의 고백","AKMU (악동뮤지션)",1,1
"1535","외로움증폭장치 (브래드 드럼 한판 쉬기)","버스커 버스커",1,1
"1536","요즘 바쁜가봐","2BIC(투빅)",5,1
"1537","욕심","멜로망스",2,1
"1538","우리 그만하자","로이킴",2,1
"1539","우리 다시 사랑한다면","2BIC(투빅)",5,2
"1540","우리 둘만 아는","윤건",4,1
"1541","우리 사랑하지 말아요","BIGBANG",2,1
"1542","우리 어떻게 할까요","첸 (CHEN)",1,1
"1543","우리 왜 헤어져야 해","신예영",3,3
"1544","우리가 사는 이야기 (Feat. 메건리)","god",5,2
"1545","우리가 사랑한 시간","규현 (KYUHYUN)",4,2
"1546","우리가 헤어진 진짜 이유","윤하 (YOUNHA)",5,2
"1547","우리집","2PM",5,2
"1548","우리집을 못 찾겠군요 (Feat. 볼빨간사춘기)","매드클라운",1,1
"1549","우린 달라졌을까 (With John Park)","윤하 (YOUNHA)",4,2
"1550","우산","윤하 (YOUNHA)",1,1
"1551","우아해 (woo ah)","Crush",1,1
"1552","우주를 줄게","볼빨간사춘기",3,3
"1553","우주선","정승환",4,2
"1554","욱 (UGH!)","방탄소년단",4,1
"1555","울고만있어","백지영",1,2
"1556","울어본 적 있나요","지아",5,2
"1557","울컥","크리스탈 (KRYSTAL)",4,2
"1558","움직여 (MOVE) (Prod. by ZICO)","SIXC (6 crazy)",4,2
"1559","움직이지마","다비치",4,2
"1560","웃고 떠나 (With 주이, Mr. Tyfoon)","길미",5,2
"1561","웃다 울다","서인국",1,2
"1562","웃을 때 제일 예뻐","X1 (엑스원)",4,2
"1563","웃을까 울을까 (Feat. 백지영)","일렉트로보이즈",4,2
"1564","웃픈 하루","god",5,2
"1565","워커홀릭","볼빨간사춘기",2,1
"1566","위로","어반자카파",5,2
"1567","위아래","EXID",2,3
"1568","위잉위잉","혁오 (HYUKOH)",2,1
"1569","유리 심장 (Feat. 용준형 Of 비스트)","린",5,2
"1570","을의 연애 (With 박주원)","아이유",5,2
"1571","음악이 아니었다면 (Prod. by 버벌진트) (Feat. 치타, 버벌진트)","트루디 (Truedy)",5,2
"1572","음오아예 (Um Oh Ah Yeh)","마마무 (Mamamoo)",2,1
"1573","음파음파 (Umpah Umpah)","Red Velvet (레드벨벳)",5,2
"1574","응급실","정준영",1,2
"1575","이 나이 먹도록","바이브",2,2
"1576","이 노래가 클럽에서 나온다면","우디 (Woody)",2,1
"1577","이 노래를 듣고 돌아와","2PM",5,2
"1578","이 노랠 빌려서 (Feat. 이로울 & 아이린)","디셈버",5,2
"1579","이 또한 지나 가리라","임재범",5,2
"1580","이 바보야","정승환",2,1
"1581","이 밤","양다일",4,2
"1582","이 밤의 끝","펀치 (Punch)",4,2
"1583","이 밤이 지나면 (화생방실 클레오파트라) (Bonus Track)","김연우",4,2
"1584","이 번호로 전화해줘","바이브",2,1
"1585","이 별","길구봉구",3,3
"1586","이 사랑","다비치",2,1
"1587","이 시간에 (Feat. 유성은, Young Luffy)","루이 (긱스)",1,2
"1588","이 자리에 (Acoustic Ver.)","Wanna One (워너원)",5,2
"1589","이 지금","아이유",2,1
"1590","이게 무슨 일이야","B1A4",5,1
"1591","이게 사랑이 아니면 (Feat. 에일리)","버벌진트",1,1
"1592","이런 엔딩","아이유",1,1
"1593","이럴 줄 알았어","비스트",1,1
"1594","이럴거면 그러지말지 (Feat. Young K)","백아연",2,3
"1595","이럴때면 (Feat. 린)","마이티 마우스",5,2
"1596","이렇게 우리","백아연",4,2
"1597","이로한 (Feat. ELO, Jessi) (Prod. Padi)","Rohann (이로한)",5,2
"1598","이름에게","아이유",5,2
"1599","이름이 뭐예요?","4minute",2,1
"1600","이리와봐 (Feat. Dok2, BOBBY)","MASTA WU",5,2
"1601","이미 넌 고마운 사람","홍대광",5,2
"1602","이별 10분 전","정준영",5,1
"1603","이별 참 못할 짓이더라","윤현상",4,2
"1604","이별극장","가비엔제이",5,2
"1605","이별길 (GOODBYE ROAD)","iKON",1,1
"1606","이별밖에","노을",1,1
"1607","이별시작","나얼",5,2
"1608","이별은 늘 그렇게 (Duet. 정은지)","허각",5,2
"1609","이별주","황인욱",5,1
"1610","이별하러 가는 길","임한별",3,3
"1611","이별행동","이우",4,1
"1612","이뻐이뻐 (Pretty girl)","크레파스",4,2
"1613","이쁘다니까","에디킴",1,1
"1614","이상형","버스커 버스커",1,1
"1615","이제 나만 믿어요","임영웅",5,3
"1616","이젠 너 없이도 (Feat. 윤미래, 타이거 JK, Bizzy)","유나킴",4,2
"1617","이젠 아니야","비스트",1,2
"1618","이젠 잊기로 해요","여은",4,2
"1619","인공잔디","AKMU (악동뮤지션)",5,2
"1620","인기 (Feat. 송가인, 챈슬러)","MC몽",2,1
"1621","인사","멜로망스",2,1
"1622","인생은 아름다워 (With 다이나믹듀오 & Zion. T & Crush)","토이",5,2
"1623","일 년째","지아",2,2
"1624","일산으로","장범준",4,2
"1625","일하러 가야 돼","비스트",1,2
"1626","입술 사이 (50cm)","아이유",5,2
"1627","입술의 말","엠씨더맥스 (M.C the MAX)",5,2
"1628","입장정리 (Feat. 최자, Simon D)","프라이머리",1,2
"1629","있기 없기","달샤벳",4,2
"1630","있다 없으니까 (Gone Not Around Any Longer)","씨스타19",2,1
"1631","있어줄래","길구봉구",4,2
"1632","있어줘요","장덕철",2,1
"1633","잊어버리지마 (Feat. 태연)","Crush",1,3
"1634","잊어요","영준 (브라운 아이드 소울)",5,2
"1635","잊었니","이승철",5,1
"1636","잊을만하면","Crush",2,1
"1637","잊지마요 (Feat. 박지훈)","하성운",4,2
"1638","잊혀진다는 거","노을",1,2
"1639","자격지심 (Feat. 은하 Of 여자친구)","박경",2,1
"1640","자니 (Feat. Dynamic Duo)","프라이머리",3,3
"1641","자장가","아이유",5,2
"1642","작은 것들을 위한 시 (Boy With Luv) (Feat. Halsey)","방탄소년단",2,3
"1643","작은별","AKMU (악동뮤지션)",5,2
"1644","잘 살고 있다","V.O.S",4,1
"1645","잘 있나요","The One (더원)",1,1
"1646","잘 있나요 (Acoustic Ver.)","최진혁",1,2
"1647","잘 지내고 있는지 궁금해","V.O.S",4,2
"1648","잘 지내요","정승환",4,1
"1649","잘 지내줘","하이라이트 (Highlight)",4,2
"1650","잘나가서 그래 (Feat. 정일훈 Of BTOB)","현아",5,2
"1651","잘됐으면 좋겠다","홍대광",4,2
"1652","잘지내니","나비",4,2
"1653","잘할 걸","버스커 버스커",1,1
"1654","잠 못 드는 밤 비는 내리고","아이유",2,1
"1655","잠 못드는 밤 (Feat. 펀치 (Punch))","Crush",1,1
"1656","잠깐만","아이오아이 (I.O.I)",4,2
"1657","장난아냐 (Rocking)","틴탑",5,2
"1658","장마 (Rainy Season)","마마무 (Mamamoo)",3,2
"1659","잼잼","아이유",5,2
"1660","저 별","헤이즈 (Heize)",2,1
"1661","전야 (前夜) (The Eve)","EXO",5,2
"1662","전화번호 (Feat. 버벌진트, 40)","스윙스",1,2
"1663","전화하지 말아요","플라이 투 더 스카이",5,2
"1664","전활 거네","버스커 버스커",1,2
"1665","정말","송중기",4,2
"1666","정말로 사랑한다면","버스커 버스커",2,1
"1667","제주도의 푸른 밤","태연 (TAEYEON)",4,2
"1668","조금 더 외로워지겠지","김나영",4,2
"1669","조금 취했어 (Prod. 2soo)","임재현",2,3
"1670","조만간 봐요 (Feat. BSK, 개코)","프라이머리",1,1
"1671","조용필처럼","팬텀",4,2
"1672","좋겠어 (I wish)","FTISLAND (FT아일랜드)",5,2
"1673","좋니","윤종신",2,3
"1674","좋아 (JOAH)","박재범",5,1
"1675","좋아보여","하동균",4,2
"1676","좋아해 (bye)","CHEEZE (치즈)",4,2
"1677","좋았을걸","헤이즈 (Heize)",4,2
"1678","좋으니까","이석훈",5,2
"1679","좋은 기억","SG 워너비",5,2
"1680","좋은 날","멜로망스",4,1
"1681","좋은 날 (Feat. 거미)","베이식 (Basick)",4,2
"1682","좋은 사람 있으면 소개시켜줘","조이 (JOY)",3,3
"1683","주마등 (Feat. 우혜미)","리쌍",1,2
"1684","주인공","선미",1,1
"1685","주저하는 연인들을 위해","잔나비",1,3
"1686","죽겠다 (KILLING ME)","iKON",2,1
"1687","죽을만큼 아파서 Part.2 (Feat. 스웨덴세탁소)","MC몽",2,1
"1688","줄리엣","버스커 버스커",2,2
"1689","지각","장덕철",4,2
"1690","지금까지 행복했어요 (BAEKHO SOLO)","뉴이스트 W",4,2
"1691","지금처럼 (We Never Go Alone)","케이윌",5,2
"1692","지나갈 테니 (Been Through)","EXO",4,2
"1693","지나오다","닐로(Nilo)",2,3
"1694","지나쳐 (Feat. DEAN)","로꼬",5,2
"1695","지독하게","FTISLAND (FT아일랜드)",2,1
"1696","지못미","iKON",2,1
"1697","지우개","알리 (ALi)",5,1
"1698","지우고 싶다","포맨",5,2
"1699","지칠 때면 (Feat. 김종완 of Nell)","정준하 X ZICO",5,2
"1700","지킬 (Jekyll)","EXO",4,2
"1701","지하철에서","AKMU (악동뮤지션)",5,2
"1702","진격의 거인 둘 (Return Of The Kings)","다이나믹 듀오",1,2
"1703","진실 혹은 대담","가인",5,2
"1704","진심이 담긴 노래 (True Song)","케이시 (Kassy)",1,1
"1705","질투 (Duet. 키썸)","유성은",4,2
"1706","질투 나요 BABY","AOA CREAM",4,2
"1707","짐살라빔 (Zimzalabim)","Red Velvet (레드벨벳)",1,2
"1708","집","Wanna One (워너원)",4,2
"1709","집 밥 (Feat. 긱스, 이희선여사)","김범수",5,2
"1710","집앞에서 (전화 받지 마 Pt. 2) (Feat. Crucial Star)","긱스 (Geeks)",4,2
"1711","집에 안갈래 (Feat. 긱스)","나비",5,2
"1712","집으로 가는 길","비투비",5,2
"1713","짙어져","멜로망스",4,3
"1714","짧은 치마 (Miniskirt)","AOA",3,3
"1715","쩔어","뚱스",5,2
"1716","쩔어 (GD & T.O.P)","BIGBANG",1,1
"1717","찐이야","영탁",4,1
"1718","찢긴 가슴","아이비",5,2
"1719","차 마실래?","헬로비너스",4,2
"1720","착한 여자","2NE1",5,2
"1721","착한 여자","이수영",5,2
"1722","처럼 (Feat. 이하이)","유재석 X Dok2",1,2
"1723","처음부터 너와 나","볼빨간사춘기",3,3
"1724","처음엔 사랑이란게","버스커 버스커",2,1
"1725","처음처럼","엠씨더맥스 (M.C the MAX)",2,3
"1726","천국 (Feat. 이영현, 신용재 Of 포맨, 임세준, 원지 Of 벨라포)","바이브",5,2
"1727","천둥벌거숭이 (Feat. Jvcki Wai, 염따)","지코 (ZICO)",5,2
"1728","철부지","존박",5,2
"1729","첫 눈","정준일",5,1
"1730","첫눈에","헤이즈 (Heize)",2,1
"1731","첫사랑","버스커 버스커",2,1
"1732","청개구리","로이킴",5,2
"1733","청춘 (Feat. 김창완)","김필",3,1
"1734","청춘 (Feat. 이상순)","김동률",5,2
"1735","초록빛","폴킴",2,1
"1736","초록창가","AKMU (악동뮤지션)",5,2
"1737","최고의 선물 (Prod. by PSY)","비",1,2
"1738","최고의 행운","첸 (CHEN)",5,1
"1739","추격자","인피니트",5,1
"1740","추운 비","4minute",4,2
"1741","추워요","송지은",4,2
"1742","축제","멜로망스",4,2
"1743","축하해 (Feat. 다이나믹듀오, 박재범)","프라이머리",4,2
"1744","춤 (Groove)","EXO",4,2
"1745","춥다 (Feat. 이하이)","에픽하이 (EPIK HIGH)",2,1
"1746","충분히 예뻐 (feat. 산체스 Of 팬텀)","버벌진트",1,1
"1747","취향저격","iKON",2,3
"1748","친구","방탄소년단",3,1
"1749","친구 아닌 남자로","이석훈",5,2
"1750","카페인 (Feat. 용준형 Of BEAST)","양요섭",2,1
"1751","캥거루 (Kangaroo) (Prod. ZICO)","Wanna One (워너원) - 트리플포지션",1,1
"1752","커플 (2016)","젝스키스",4,2
"1753","컬러링","Lim Kim",4,2
"1754","컬러링","WINNER",2,2
"1755","켜줘 (Light)","Wanna One (워너원)",2,1
"1756","코끝에 겨울","어반자카파",2,1
"1757","콩떡빙수","AKMU (악동뮤지션)",1,2
"1758","쿵","Zion.T",2,2
"1759","쿵쿵쿵","김민승",4,2
"1760","크레용 (Crayon)","G-DRAGON",2,1
"1761","큰새","혁오 (HYUKOH)",4,2
"1762","키 큰 노총각 이야기","정준하",2,2
"1763","키다리 아저씨","백아연",5,2
"1764","탈진","김영근",4,2
"1765","태풍 (The Eye)","인피니트",5,2
"1766","토닥토닥 (With 소향)","하하",4,2
"1767","토요일의 끝에서 (Feat. Blacknut)","빈지노 (Beenzino)",5,2
"1768","퇴근길","엠씨더맥스 (M.C the MAX)",5,2
"1769","트라우마 (Trauma)","EXO",4,2
"1770","티가 나나봐","15& (박지민, 백예린)",1,1
"1771","티켓 (Ticket)","나인뮤지스",4,2
"1772","팔당댐 (Feat. 빈지노)","에디킴",5,2
"1773","팔레트 (Feat. G-DRAGON)","아이유",1,3
"1774","팔베개","다비치",5,2
"1775","펑펑","알리 (ALi)",4,2
"1776","편지","다비치",2,1
"1777","포장마차","황인욱",2,3
"1778","폰서트","10CM",4,1
"1779","표적","신화",5,2
"1780","푸르던","아이유",2,1
"1781","품행제로","블락비 바스타즈",1,1
"1782","피 땀 눈물","방탄소년단",1,3
"1783","피노키오","로이킴",4,1
"1784","피어나","가인",1,1
"1785","피카부 (Peek-A-Boo)","Red Velvet (레드벨벳)",1,1
"1786","필라멘트 (Feat. BSK A.K.A 김범수)","넉살",1,2
"1787","하.니.뿐.","2PM",5,2
"1788","하고 싶던 말 (Sorry not sorry)","첸 (CHEN)",4,2
"1789","하기나 해 (Feat. Loco)","GRAY (그레이)",5,2
"1790","하나뿐인 사람","케이윌",4,2
"1791","하늘바라기 (Feat. 하림)","정은지",2,1
"1792","하늘색 약속","god",1,1
"1793","하루 끝","아이유",2,1
"1794","하루도 그대를 사랑하지 않은 적이 없었다","임창정",1,3
"1795","하루만","뉴이스트 W",4,2
"1796","하루만 빌려줘","엠씨더맥스 (M.C the MAX)",5,2
"1797","하여가 (何如歌) (우리 동네 음악대장)","하현우 (국카스텐)",4,2
"1798","하지 못한 말","노을",2,1
"1799","하지마 (Stop it)","B.A.P",5,2
"1800","한 여름 밤의 꿈","브라운아이드걸스",1,2
"1801","한(一)","(여자)아이들",5,1
"1802","한강앞에서","나비",4,2
"1803","한번 더 말해줘 (Feat. 장한나)","지누션",2,1
"1804","한번만","소유 (SOYOU)",4,2
"1805","한사람","허각",2,1
"1806","한숨","이하이",2,3
"1807","한참 지나서","백지영",5,2
"1808","할 수 있어 (With. 이루마)","MC 스나이퍼",4,2
"1809","함께","노을",1,1
"1810","핫 앤 콜드 (Hot & Cold)","쥬얼리",5,2
"1811","해볼라고","형용돈죵 (정형돈 & G-DRAGON)",2,2
"1812","해운대 (Feat. 강민경 Of 다비치)","바이브",5,2
"1813","해줄 수 없는 일","거미",4,2
"1814","행복하기를 (I Love You)","2BIC(투빅)",4,2
"1815","행복하니 (Feat. 조현아 Of 어반자카파)","배치기",5,2
"1816","행복한 나를","Lim Kim",5,2
"1817","행복한 척","수지 (SUZY)",1,1
"1818","행복해서 미안해","다비치",2,1
"1819","향기만 남아","허각",2,1
"1820","향수","버스커 버스커",5,2
"1821","허수아비","이하이",1,2
"1822","헤어져줘서 고마워","벤",2,1
"1823","헤어졌다 만났다","다비치",1,1
"1824","헤어지는 중","펀치 (Punch)",2,1
"1825","헤어지자","서인영",5,2
"1826","헤어지자 (Prod. 정키)","휘인 (Whee In)",2,1
"1827","헤어질 걸 알아","폴킴",5,2
"1828","헤어질 수 밖에","김나영",5,2
"1829","헤어질걸 알기에 (Duet With 정은지)","허각",4,2
"1830","헤픈엔딩 (Feat. 조원선 Of 롤러코스터)","에픽하이 (EPIK HIGH)",2,1
"1831","헬로","유승우",5,2
"1832","혜화동 (혹은 쌍문동)","박보람",2,1
"1833","호랑나비 (Feat. Gill, 리듬파워, 김흥국)","보이비",2,1
"1834","호랑이소굴 (Feat. Jvcki Wai)","기리보이",4,2
"1835","호불호 (Feat. 기리보이) (Prod. By GRAY)","우원재",5,2
"1836","호이 호이 (Hoi Hoi)","레인보우 픽시",4,2
"1837","혼자","거미",1,2
"1838","혼자","어반자카파",5,2
"1839","혼자, 한잔","허각",4,2
"1840","홀로 (Feat. 김나영)","정키",4,3
"1841","홍대와 건대 사이","장범준",4,2
"1842","화 (Feat. 진실 Of Mad Soul Child) (Fire)","매드클라운",2,1
"1843","화려하지 않은 고백","규현 (KYUHYUN)",3,1
"1844","花요일 (Blooming Day)","EXO-CBX (첸백시)",1,1
"1845","화이트(WHITE) (Feat. 박재범)","다비치",5,2
"1846","화장 지웠어 (Feat. Zion.T, HA:TFELT) (No Make Up)","개코",2,1
"1847","확률","먼데이 키즈 (Monday Kiz)",5,2
"1848","환청 (Feat. 나쑈 (NaShow))","장재인",3,1
"1849","활활 (Burn It Up)","Wanna One (워너원)",1,1
"1850","회복이 급해 (Feat. 하림, 호투)","2BIC(투빅)",1,2
"1851","회상","장범준",5,2
"1852","후유증","제국의아이들 (ZE:A)",4,1
"1853","휘파람","BLACKPINK",2,1
"1854","휘파람","로이킴",1,1
"1855","휴일 (Lazy)","EXO-CBX (첸백시)",4,2
"1856","흔들리는 꽃들 속에서 네 샴푸향이 느껴진거야","장범준",2,3
"1857","흔한 노래","임창정",2,1
"1858","흔한 이별","허각",1,1
"1859","희망고문","송지은",5,2
"1860","힐링이 필요해","로이킴",2,1
